<metadata xml:lang="es"><Esri><CreaDate>20260130</CreaDate><CreaTime>16401200</CreaTime><ArcGISFormat>1.0</ArcGISFormat><SyncOnce>FALSE</SyncOnce><DataProperties><itemProps><itemName Sync="TRUE">PFC_CLS_VIG</itemName><imsContentType Sync="TRUE">002</imsContentType><itemLocation><linkage Sync="TRUE">file://\\DESKTOP-V34B825\C$\Geoportal_CONAFOR\Monitor_Lerma_Santiago\datos_crudos\PFC_CLS_VIG.shp</linkage><protocol Sync="TRUE">Local Area Network</protocol></itemLocation><itemSize Sync="TRUE">0.000</itemSize></itemProps><coordRef><type Sync="TRUE">Projected</type><geogcsn Sync="TRUE">GCS_WGS_1984</geogcsn><csUnits Sync="TRUE">Linear Unit: Meter (1.000000)</csUnits><peXml Sync="TRUE">&lt;ProjectedCoordinateSystem xsi:type='typens:ProjectedCoordinateSystem' xmlns:xsi='http://www.w3.org/2001/XMLSchema-instance' xmlns:xs='http://www.w3.org/2001/XMLSchema' xmlns:typens='http://www.esri.com/schemas/ArcGIS/3.4.0'&gt;&lt;WKT&gt;PROJCS[&amp;quot;CCL&amp;quot;,GEOGCS[&amp;quot;GCS_WGS_1984&amp;quot;,DATUM[&amp;quot;D_WGS_1984&amp;quot;,SPHEROID[&amp;quot;WGS_1984&amp;quot;,6378137.0,298.257223563]],PRIMEM[&amp;quot;Greenwich&amp;quot;,0.0],UNIT[&amp;quot;Degree&amp;quot;,0.0174532925199433]],PROJECTION[&amp;quot;Lambert_Conformal_Conic&amp;quot;],PARAMETER[&amp;quot;False_Easting&amp;quot;,2500000.0],PARAMETER[&amp;quot;False_Northing&amp;quot;,0.0],PARAMETER[&amp;quot;Central_Meridian&amp;quot;,-102.0],PARAMETER[&amp;quot;Standard_Parallel_1&amp;quot;,17.5],PARAMETER[&amp;quot;Standard_Parallel_2&amp;quot;,29.5],PARAMETER[&amp;quot;Scale_Factor&amp;quot;,1.0],PARAMETER[&amp;quot;Latitude_Of_Origin&amp;quot;,12.0],UNIT[&amp;quot;Meter&amp;quot;,1.0]]&lt;/WKT&gt;&lt;XOrigin&gt;-37031600&lt;/XOrigin&gt;&lt;YOrigin&gt;-25743800&lt;/YOrigin&gt;&lt;XYScale&gt;113924041.20679393&lt;/XYScale&gt;&lt;ZOrigin&gt;-100000&lt;/ZOrigin&gt;&lt;ZScale&gt;10000&lt;/ZScale&gt;&lt;MOrigin&gt;-100000&lt;/MOrigin&gt;&lt;MScale&gt;10000&lt;/MScale&gt;&lt;XYTolerance&gt;0.001&lt;/XYTolerance&gt;&lt;ZTolerance&gt;0.001&lt;/ZTolerance&gt;&lt;MTolerance&gt;0.001&lt;/MTolerance&gt;&lt;HighPrecision&gt;true&lt;/HighPrecision&gt;&lt;/ProjectedCoordinateSystem&gt;</peXml><projcsn Sync="TRUE">CCL</projcsn></coordRef><lineage><Process ToolSource="c:\program files\arcgis\pro\Resources\ArcToolbox\toolboxes\Conversion Tools.tbx\ExportFeatures" Date="20260130" Time="162942">ExportFeatures PFC_Beneficiarios_Vigentes_RH_Lerma_Santiago_CGCR_v2 C:\Geoportal_CONAFOR\Monitor_Lerma_Santiago\proy\Default.gdb\PFC_Beneficiarios_Vigentes_RH_Lerma_Santiago_CGCR_v2_ExportFeatures # NOT_USE_ALIAS "FOLIO_APOY "FOLIO_APOY" true true false 254 Text 0 0,First,#,PFC_Beneficiarios_Vigentes_RH_Lerma_Santiago_CGCR_v2,PFC_Beneficiarios_Vigentes_RH_Lerma_Santiago_CGCR_v2.FOLIO_APOY,0,253;OBJECTID "OBJECTID" false true false 4 Long 0 9,First,#,PFC_Beneficiarios_Vigentes_RH_Lerma_Santiago_CGCR_v2,PFC_Beneficiarios_Vigentes_RH_Lerma_Santiago_CGCR_v2_AddSpatialJoin.OBJECTID,-1,-1;Join_Count "Join_Count" true true false 4 Long 0 0,First,#,PFC_Beneficiarios_Vigentes_RH_Lerma_Santiago_CGCR_v2,PFC_Beneficiarios_Vigentes_RH_Lerma_Santiago_CGCR_v2_AddSpatialJoin.Join_Count,-1,-1;TARGET_FID "TARGET_FID" true true false 4 Long 0 0,First,#,PFC_Beneficiarios_Vigentes_RH_Lerma_Santiago_CGCR_v2,PFC_Beneficiarios_Vigentes_RH_Lerma_Santiago_CGCR_v2_AddSpatialJoin.TARGET_FID,-1,-1;CVEGEO "CVEGEO" true true false 2 Text 0 0,First,#,PFC_Beneficiarios_Vigentes_RH_Lerma_Santiago_CGCR_v2,PFC_Beneficiarios_Vigentes_RH_Lerma_Santiago_CGCR_v2_AddSpatialJoin.CVEGEO,0,1;ESTADO "ESTADO" true true false 254 Text 0 0,First,#,PFC_Beneficiarios_Vigentes_RH_Lerma_Santiago_CGCR_v2,PFC_Beneficiarios_Vigentes_RH_Lerma_Santiago_CGCR_v2_AddSpatialJoin.ESTADO,0,253;Shape_Length "Shape_Length" false true true 8 Double 0 0,First,#,PFC_Beneficiarios_Vigentes_RH_Lerma_Santiago_CGCR_v2,PFC_Beneficiarios_Vigentes_RH_Lerma_Santiago_CGCR_v2_AddSpatialJoin.Shape_Length,-1,-1;Shape_Area "Shape_Area" false true true 8 Double 0 0,First,#,PFC_Beneficiarios_Vigentes_RH_Lerma_Santiago_CGCR_v2,PFC_Beneficiarios_Vigentes_RH_Lerma_Santiago_CGCR_v2_AddSpatialJoin.Shape_Area,-1,-1" #</Process><Process ToolSource="c:\program files\arcgis\pro\Resources\ArcToolbox\toolboxes\Data Management Tools.tbx\DeleteField" Date="20260130" Time="163005">DeleteField PFC_Beneficiarios_Vigentes_RH_Lerma_Santiago_CGCR_v2_ExportFeatures OBJECTID_1;Join_Count;TARGET_FID;CVEGEO;ESTADO DELETE_FIELDS</Process><Process ToolSource="c:\program files\arcgis\pro\Resources\ArcToolbox\toolboxes\Conversion Tools.tbx\ExportFeatures" Date="20260130" Time="163410">ExportFeatures PFC_Beneficiarios_Vigentes_RH_Lerma_Santiago_CGCR_v2_ExportFeatures C:\Geoportal_CONAFOR\Monitor_Lerma_Santiago\proy\Default.gdb\PFC_Beneficiarios_Vigentes_RH_Lerma_Santiago_CGCR_v2_ExportFeatures_ExportFeatures # NOT_USE_ALIAS "FOLIO_APOY "FOLIO_APOY" true true false 254 Text 0 0,First,#,PFC_Beneficiarios_Vigentes_RH_Lerma_Santiago_CGCR_v2_ExportFeatures,PFC_Beneficiarios_Vigentes_RH_Lerma_Santiago_CGCR_v2_ExportFeatures.FOLIO_APOY,0,253;Shape_Length "Shape_Length" false true true 8 Double 0 0,First,#,PFC_Beneficiarios_Vigentes_RH_Lerma_Santiago_CGCR_v2_ExportFeatures,PFC_Beneficiarios_Vigentes_RH_Lerma_Santiago_CGCR_v2_ExportFeatures.Shape_Length,-1,-1;Shape_Area "Shape_Area" false true true 8 Double 0 0,First,#,PFC_Beneficiarios_Vigentes_RH_Lerma_Santiago_CGCR_v2_ExportFeatures,PFC_Beneficiarios_Vigentes_RH_Lerma_Santiago_CGCR_v2_ExportFeatures.Shape_Area,-1,-1;FOL_PROG "FOL_PROG" true true false 8000 Text 0 0,First,#,PFC_Beneficiarios_Vigentes_RH_Lerma_Santiago_CGCR_v2_ExportFeatures,J_PFC.csv.FOL_PROG,0,7999;CVE_EDO "CVE_EDO" true true false 4 Long 0 0,First,#,PFC_Beneficiarios_Vigentes_RH_Lerma_Santiago_CGCR_v2_ExportFeatures,J_PFC.csv.CVE_EDO,-1,-1;ESTADO "ESTADO" true true false 8000 Text 0 0,First,#,PFC_Beneficiarios_Vigentes_RH_Lerma_Santiago_CGCR_v2_ExportFeatures,J_PFC.csv.ESTADO,0,7999;MUNICIPIO "MUNICIPIO" true true false 8000 Text 0 0,First,#,PFC_Beneficiarios_Vigentes_RH_Lerma_Santiago_CGCR_v2_ExportFeatures,J_PFC.csv.MUNICIPIO,0,7999;SOLICITANT "SOLICITANT" true true false 8000 Text 0 0,First,#,PFC_Beneficiarios_Vigentes_RH_Lerma_Santiago_CGCR_v2_ExportFeatures,J_PFC.csv.SOLICITANT,0,7999;TIPO_PROP "TIPO_PROP" true true false 8000 Text 0 0,First,#,PFC_Beneficiarios_Vigentes_RH_Lerma_Santiago_CGCR_v2_ExportFeatures,J_PFC.csv.TIPO_PROP,0,7999;CONCEPTO "CONCEPTO" true true false 8000 Text 0 0,First,#,PFC_Beneficiarios_Vigentes_RH_Lerma_Santiago_CGCR_v2_ExportFeatures,J_PFC.csv.CONCEPTO,0,7999;ESQUEMA "ESQUEMA" true true false 8000 Text 0 0,First,#,PFC_Beneficiarios_Vigentes_RH_Lerma_Santiago_CGCR_v2_ExportFeatures,J_PFC.csv.ESQUEMA,0,7999;SUP_HA "SUP_HA" true true false 8 Double 0 0,First,#,PFC_Beneficiarios_Vigentes_RH_Lerma_Santiago_CGCR_v2_ExportFeatures,J_PFC.csv.SUP_HA,-1,-1;MONTO_CNF "MONTO_CNF" true true false 8000 Text 0 0,First,#,PFC_Beneficiarios_Vigentes_RH_Lerma_Santiago_CGCR_v2_ExportFeatures,J_PFC.csv.MONTO_CNF,0,7999;MONTO_PI "MONTO_PI" true true false 8000 Text 0 0,First,#,PFC_Beneficiarios_Vigentes_RH_Lerma_Santiago_CGCR_v2_ExportFeatures,J_PFC.csv.MONTO_PI,0,7999;MONTO_TOT "MONTO_TOT" true true false 8000 Text 0 0,First,#,PFC_Beneficiarios_Vigentes_RH_Lerma_Santiago_CGCR_v2_ExportFeatures,J_PFC.csv.MONTO_TOT,0,7999;EJERCICIO "EJERCICIO" true true false 4 Long 0 0,First,#,PFC_Beneficiarios_Vigentes_RH_Lerma_Santiago_CGCR_v2_ExportFeatures,J_PFC.csv.EJERCICIO,-1,-1;GERENCIA "GERENCIA" true true false 8000 Text 0 0,First,#,PFC_Beneficiarios_Vigentes_RH_Lerma_Santiago_CGCR_v2_ExportFeatures,J_PFC.csv.GERENCIA,0,7999" #</Process><Process ToolSource="c:\program files\arcgis\pro\Resources\ArcToolbox\toolboxes\Data Management Tools.tbx\DeleteField" Date="20260130" Time="163438">DeleteField PFC_Beneficiarios_Vigentes_RH_Lerma_Santiago_CGCR_v2_ExportFeatures_ExportFeatures FOLIO_APOY DELETE_FIELDS</Process><Process ToolSource="c:\program files\arcgis\pro\Resources\ArcToolbox\toolboxes\Conversion Tools.tbx\ExportFeatures" Date="20260130" Time="163544">ExportFeatures PFC_Beneficiarios_Vigentes_RH_Lerma_Santiago_CGCR_v2_ExportFeatures_ExportFeatures C:\Geoportal_CONAFOR\Monitor_Lerma_Santiago\datos_crudos\PFC.shp # NOT_USE_ALIAS "FOL_PROG "FOL_PROG" true true false 8000 Text 0 0,First,#,PFC_Beneficiarios_Vigentes_RH_Lerma_Santiago_CGCR_v2_ExportFeatures_ExportFeatures,FOL_PROG,0,7999;CVE_EDO "CVE_EDO" true true false 4 Long 0 0,First,#,PFC_Beneficiarios_Vigentes_RH_Lerma_Santiago_CGCR_v2_ExportFeatures_ExportFeatures,CVE_EDO,-1,-1;ESTADO "ESTADO" true true false 8000 Text 0 0,First,#,PFC_Beneficiarios_Vigentes_RH_Lerma_Santiago_CGCR_v2_ExportFeatures_ExportFeatures,ESTADO,0,7999;MUNICIPIO "MUNICIPIO" true true false 8000 Text 0 0,First,#,PFC_Beneficiarios_Vigentes_RH_Lerma_Santiago_CGCR_v2_ExportFeatures_ExportFeatures,MUNICIPIO,0,7999;SOLICITANT "SOLICITANT" true true false 8000 Text 0 0,First,#,PFC_Beneficiarios_Vigentes_RH_Lerma_Santiago_CGCR_v2_ExportFeatures_ExportFeatures,SOLICITANT,0,7999;TIPO_PROP "TIPO_PROP" true true false 8000 Text 0 0,First,#,PFC_Beneficiarios_Vigentes_RH_Lerma_Santiago_CGCR_v2_ExportFeatures_ExportFeatures,TIPO_PROP,0,7999;CONCEPTO "CONCEPTO" true true false 8000 Text 0 0,First,#,PFC_Beneficiarios_Vigentes_RH_Lerma_Santiago_CGCR_v2_ExportFeatures_ExportFeatures,CONCEPTO,0,7999;ESQUEMA "ESQUEMA" true true false 8000 Text 0 0,First,#,PFC_Beneficiarios_Vigentes_RH_Lerma_Santiago_CGCR_v2_ExportFeatures_ExportFeatures,ESQUEMA,0,7999;SUP_HA "SUP_HA" true true false 8 Double 0 0,First,#,PFC_Beneficiarios_Vigentes_RH_Lerma_Santiago_CGCR_v2_ExportFeatures_ExportFeatures,SUP_HA,-1,-1;MONTO_CNF "MONTO_CNF" true true false 8000 Text 0 0,First,#,PFC_Beneficiarios_Vigentes_RH_Lerma_Santiago_CGCR_v2_ExportFeatures_ExportFeatures,MONTO_CNF,0,7999;MONTO_PI "MONTO_PI" true true false 8000 Text 0 0,First,#,PFC_Beneficiarios_Vigentes_RH_Lerma_Santiago_CGCR_v2_ExportFeatures_ExportFeatures,MONTO_PI,0,7999;MONTO_TOT "MONTO_TOT" true true false 8000 Text 0 0,First,#,PFC_Beneficiarios_Vigentes_RH_Lerma_Santiago_CGCR_v2_ExportFeatures_ExportFeatures,MONTO_TOT,0,7999;EJERCICIO "EJERCICIO" true true false 4 Long 0 0,First,#,PFC_Beneficiarios_Vigentes_RH_Lerma_Santiago_CGCR_v2_ExportFeatures_ExportFeatures,EJERCICIO,-1,-1;GERENCIA "GERENCIA" true true false 8000 Text 0 0,First,#,PFC_Beneficiarios_Vigentes_RH_Lerma_Santiago_CGCR_v2_ExportFeatures_ExportFeatures,GERENCIA,0,7999;Shape_Length "Shape_Length" false true true 8 Double 0 0,First,#,PFC_Beneficiarios_Vigentes_RH_Lerma_Santiago_CGCR_v2_ExportFeatures_ExportFeatures,Shape_Length,-1,-1;Shape_Area "Shape_Area" false true true 8 Double 0 0,First,#,PFC_Beneficiarios_Vigentes_RH_Lerma_Santiago_CGCR_v2_ExportFeatures_ExportFeatures,Shape_Area,-1,-1" #</Process><Process ToolSource="c:\program files\arcgis\pro\Resources\ArcToolbox\toolboxes\Data Management Tools.tbx\DeleteField" Date="20260130" Time="163616">DeleteField PFC Shape_Leng DELETE_FIELDS</Process><Process ToolSource="c:\program files\arcgis\pro\Resources\ArcToolbox\toolboxes\Data Management Tools.tbx\DeleteField" Date="20260130" Time="163623">DeleteField PFC Shape_Area DELETE_FIELDS</Process><Process ToolSource="c:\program files\arcgis\pro\Resources\ArcToolbox\toolboxes\Data Management Tools.tbx\Project" Date="20260130" Time="164013">Project PFC C:\Geoportal_CONAFOR\Monitor_Lerma_Santiago\proy\Default.gdb\PFC_Project PROJCS["CCL",GEOGCS["GCS_WGS_1984",DATUM["D_WGS_1984",SPHEROID["WGS_1984",6378137.0,298.257223563]],PRIMEM["Greenwich",0.0],UNIT["Degree",0.0174532925199433]],PROJECTION["Lambert_Conformal_Conic"],PARAMETER["False_Easting",2500000.0],PARAMETER["False_Northing",0.0],PARAMETER["Central_Meridian",-102.0],PARAMETER["Standard_Parallel_1",17.5],PARAMETER["Standard_Parallel_2",29.5],PARAMETER["Scale_Factor",1.0],PARAMETER["Latitude_Of_Origin",12.0],UNIT["Meter",1.0]] # GEOGCS["GCS_WGS_1984",DATUM["D_WGS_1984",SPHEROID["WGS_1984",6378137.0,298.257223563]],PRIMEM["Greenwich",0.0],UNIT["Degree",0.0174532925199433]] NO_PRESERVE_SHAPE # NO_VERTICAL</Process><Process ToolSource="c:\program files\arcgis\pro\Resources\ArcToolbox\toolboxes\Conversion Tools.tbx\ExportFeatures" Date="20260130" Time="164122">ExportFeatures PFC_Project C:\Geoportal_CONAFOR\Monitor_Lerma_Santiago\datos_crudos\PFC_CLS_VIG.shp # NOT_USE_ALIAS "FOL_PROG "FOL_PROG" true true false 254 Text 0 0,First,#,PFC_Project,FOL_PROG,0,253;CVE_EDO "CVE_EDO" true true false 4 Long 0 0,First,#,PFC_Project,CVE_EDO,-1,-1;ESTADO "ESTADO" true true false 254 Text 0 0,First,#,PFC_Project,ESTADO,0,253;MUNICIPIO "MUNICIPIO" true true false 254 Text 0 0,First,#,PFC_Project,MUNICIPIO,0,253;SOLICITANT "SOLICITANT" true true false 254 Text 0 0,First,#,PFC_Project,SOLICITANT,0,253;TIPO_PROP "TIPO_PROP" true true false 254 Text 0 0,First,#,PFC_Project,TIPO_PROP,0,253;CONCEPTO "CONCEPTO" true true false 254 Text 0 0,First,#,PFC_Project,CONCEPTO,0,253;ESQUEMA "ESQUEMA" true true false 254 Text 0 0,First,#,PFC_Project,ESQUEMA,0,253;SUP_HA "SUP_HA" true true false 8 Double 0 0,First,#,PFC_Project,SUP_HA,-1,-1;MONTO_CNF "MONTO_CNF" true true false 254 Text 0 0,First,#,PFC_Project,MONTO_CNF,0,253;MONTO_PI "MONTO_PI" true true false 254 Text 0 0,First,#,PFC_Project,MONTO_PI,0,253;MONTO_TOT "MONTO_TOT" true true false 254 Text 0 0,First,#,PFC_Project,MONTO_TOT,0,253;EJERCICIO "EJERCICIO" true true false 4 Long 0 0,First,#,PFC_Project,EJERCICIO,-1,-1;GERENCIA "GERENCIA" true true false 254 Text 0 0,First,#,PFC_Project,GERENCIA,0,253;Shape_Length "Shape_Length" false true true 8 Double 0 0,First,#,PFC_Project,Shape_Length,-1,-1;Shape_Area "Shape_Area" false true true 8 Double 0 0,First,#,PFC_Project,Shape_Area,-1,-1" #</Process></lineage></DataProperties><SyncDate>20260130</SyncDate><SyncTime>16412200</SyncTime><ModDate>20260130</ModDate><ModTime>16412200</ModTime></Esri><dataIdInfo><envirDesc Sync="TRUE">Microsoft Windows 10 Version 10.0 (Build 26100) ; Esri ArcGIS 13.4.0.55405</envirDesc><dataLang><languageCode value="spa" Sync="TRUE"></languageCode><countryCode value="MEX" Sync="TRUE"></countryCode></dataLang><idCitation><resTitle Sync="TRUE">PFC_CLS_VIG</resTitle><presForm><PresFormCd value="005" Sync="TRUE"></PresFormCd></presForm></idCitation><spatRpType><SpatRepTypCd value="001" Sync="TRUE"></SpatRepTypCd></spatRpType></dataIdInfo><mdLang><languageCode value="spa" Sync="TRUE"></languageCode><countryCode value="MEX" Sync="TRUE"></countryCode></mdLang><distInfo><distFormat><formatName Sync="TRUE">Shapefile</formatName></distFormat><distTranOps><transSize Sync="TRUE">0.000</transSize></distTranOps></distInfo><mdHrLv><ScopeCd value="005" Sync="TRUE"></ScopeCd></mdHrLv><mdHrLvName Sync="TRUE">dataset</mdHrLvName><refSysInfo><RefSystem><refSysID><identCode code="0" Sync="TRUE"></identCode><idCodeSpace Sync="TRUE">EPSG</idCodeSpace><idVersion Sync="TRUE">6.2(3.0.1)</idVersion></refSysID></RefSystem></refSysInfo><spatRepInfo><VectSpatRep><geometObjs Name="PFC_CLS_VIG"><geoObjTyp><GeoObjTypCd value="002" Sync="TRUE"></GeoObjTypCd></geoObjTyp><geoObjCnt Sync="TRUE">0</geoObjCnt></geometObjs><topLvl><TopoLevCd value="001" Sync="TRUE"></TopoLevCd></topLvl></VectSpatRep></spatRepInfo><spdoinfo><ptvctinf><esriterm Name="PFC_CLS_VIG"><efeatyp Sync="TRUE">Simple</efeatyp><efeageom code="4" Sync="TRUE"></efeageom><esritopo Sync="TRUE">FALSE</esritopo><efeacnt Sync="TRUE">0</efeacnt><spindex Sync="TRUE">FALSE</spindex><linrefer Sync="TRUE">FALSE</linrefer></esriterm></ptvctinf></spdoinfo><eainfo><detailed Name="PFC_CLS_VIG"><enttyp><enttypl Sync="TRUE">PFC_CLS_VIG</enttypl><enttypt Sync="TRUE">Feature Class</enttypt><enttypc Sync="TRUE">0</enttypc></enttyp><attr><attrlabl Sync="TRUE">FID</attrlabl><attalias Sync="TRUE">FID</attalias><attrtype Sync="TRUE">OID</attrtype><attwidth Sync="TRUE">4</attwidth><atprecis Sync="TRUE">0</atprecis><attscale Sync="TRUE">0</attscale><attrdef Sync="TRUE">Internal feature number.</attrdef><attrdefs Sync="TRUE">Esri</attrdefs><attrdomv><udom Sync="TRUE">Sequential unique whole numbers that are automatically generated.</udom></attrdomv></attr><attr><attrlabl Sync="TRUE">Shape</attrlabl><attalias Sync="TRUE">Shape</attalias><attrtype Sync="TRUE">Geometry</attrtype><attwidth Sync="TRUE">0</attwidth><atprecis Sync="TRUE">0</atprecis><attscale Sync="TRUE">0</attscale><attrdef Sync="TRUE">Feature geometry.</attrdef><attrdefs Sync="TRUE">Esri</attrdefs><attrdomv><udom Sync="TRUE">Coordinates defining the features.</udom></attrdomv></attr><attr><attrlabl Sync="TRUE">FOL_PROG</attrlabl><attalias Sync="TRUE">FOL_PROG</attalias><attrtype Sync="TRUE">String</attrtype><attwidth Sync="TRUE">254</attwidth><atprecis Sync="TRUE">0</atprecis><attscale Sync="TRUE">0</attscale></attr><attr><attrlabl Sync="TRUE">CVE_EDO</attrlabl><attalias Sync="TRUE">CVE_EDO</attalias><attrtype Sync="TRUE">Integer</attrtype><attwidth Sync="TRUE">10</attwidth><atprecis Sync="TRUE">10</atprecis><attscale Sync="TRUE">0</attscale></attr><attr><attrlabl Sync="TRUE">ESTADO</attrlabl><attalias Sync="TRUE">ESTADO</attalias><attrtype Sync="TRUE">String</attrtype><attwidth Sync="TRUE">254</attwidth><atprecis Sync="TRUE">0</atprecis><attscale Sync="TRUE">0</attscale></attr><attr><attrlabl Sync="TRUE">MUNICIPIO</attrlabl><attalias Sync="TRUE">MUNICIPIO</attalias><attrtype Sync="TRUE">String</attrtype><attwidth Sync="TRUE">254</attwidth><atprecis Sync="TRUE">0</atprecis><attscale Sync="TRUE">0</attscale></attr><attr><attrlabl Sync="TRUE">SOLICITANT</attrlabl><attalias Sync="TRUE">SOLICITANT</attalias><attrtype Sync="TRUE">String</attrtype><attwidth Sync="TRUE">254</attwidth><atprecis Sync="TRUE">0</atprecis><attscale Sync="TRUE">0</attscale></attr><attr><attrlabl Sync="TRUE">TIPO_PROP</attrlabl><attalias Sync="TRUE">TIPO_PROP</attalias><attrtype Sync="TRUE">String</attrtype><attwidth Sync="TRUE">254</attwidth><atprecis Sync="TRUE">0</atprecis><attscale Sync="TRUE">0</attscale></attr><attr><attrlabl Sync="TRUE">CONCEPTO</attrlabl><attalias Sync="TRUE">CONCEPTO</attalias><attrtype Sync="TRUE">String</attrtype><attwidth Sync="TRUE">254</attwidth><atprecis Sync="TRUE">0</atprecis><attscale Sync="TRUE">0</attscale></attr><attr><attrlabl Sync="TRUE">ESQUEMA</attrlabl><attalias Sync="TRUE">ESQUEMA</attalias><attrtype Sync="TRUE">String</attrtype><attwidth Sync="TRUE">254</attwidth><atprecis Sync="TRUE">0</atprecis><attscale Sync="TRUE">0</attscale></attr><attr><attrlabl Sync="TRUE">SUP_HA</attrlabl><attalias Sync="TRUE">SUP_HA</attalias><attrtype Sync="TRUE">Double</attrtype><attwidth Sync="TRUE">19</attwidth><atprecis Sync="TRUE">0</atprecis><attscale Sync="TRUE">0</attscale></attr><attr><attrlabl Sync="TRUE">MONTO_CNF</attrlabl><attalias Sync="TRUE">MONTO_CNF</attalias><attrtype Sync="TRUE">String</attrtype><attwidth Sync="TRUE">254</attwidth><atprecis Sync="TRUE">0</atprecis><attscale Sync="TRUE">0</attscale></attr><attr><attrlabl Sync="TRUE">MONTO_PI</attrlabl><attalias Sync="TRUE">MONTO_PI</attalias><attrtype Sync="TRUE">String</attrtype><attwidth Sync="TRUE">254</attwidth><atprecis Sync="TRUE">0</atprecis><attscale Sync="TRUE">0</attscale></attr><attr><attrlabl Sync="TRUE">MONTO_TOT</attrlabl><attalias Sync="TRUE">MONTO_TOT</attalias><attrtype Sync="TRUE">String</attrtype><attwidth Sync="TRUE">254</attwidth><atprecis Sync="TRUE">0</atprecis><attscale Sync="TRUE">0</attscale></attr><attr><attrlabl Sync="TRUE">EJERCICIO</attrlabl><attalias Sync="TRUE">EJERCICIO</attalias><attrtype Sync="TRUE">Integer</attrtype><attwidth Sync="TRUE">10</attwidth><atprecis Sync="TRUE">10</atprecis><attscale Sync="TRUE">0</attscale></attr><attr><attrlabl Sync="TRUE">GERENCIA</attrlabl><attalias Sync="TRUE">GERENCIA</attalias><attrtype Sync="TRUE">String</attrtype><attwidth Sync="TRUE">254</attwidth><atprecis Sync="TRUE">0</atprecis><attscale Sync="TRUE">0</attscale></attr><attr><attrlabl Sync="TRUE">Shape_Leng</attrlabl><attalias Sync="TRUE">Shape_Leng</attalias><attrtype Sync="TRUE">Double</attrtype><attwidth Sync="TRUE">19</attwidth><atprecis Sync="TRUE">0</atprecis><attscale Sync="TRUE">0</attscale></attr><attr><attrlabl Sync="TRUE">Shape_Area</attrlabl><attalias Sync="TRUE">Shape_Area</attalias><attrtype Sync="TRUE">Double</attrtype><attwidth Sync="TRUE">19</attwidth><atprecis Sync="TRUE">0</atprecis><attscale Sync="TRUE">0</attscale><attrdef Sync="TRUE">Area of feature in internal units squared.</attrdef><attrdefs Sync="TRUE">Esri</attrdefs><attrdomv><udom Sync="TRUE">Positive real numbers that are automatically generated.</udom></attrdomv></attr></detailed></eainfo><mdDateSt Sync="TRUE">20260130</mdDateSt></metadata>
