<?xml version="1.0" encoding="UTF-8"?>
<metadata xml:lang="es"><Esri><CreaDate>20260129</CreaDate><CreaTime>11011000</CreaTime><ArcGISFormat>1.0</ArcGISFormat><SyncOnce>FALSE</SyncOnce><DataProperties><itemProps><itemName Sync="TRUE">PSA_FEB_2026</itemName><imsContentType Sync="TRUE">002</imsContentType><itemSize Sync="TRUE">0.000</itemSize><itemLocation><linkage Sync="TRUE">file://\\DESKTOP-V34B825\C$\Geoportal_CONAFOR\Monitor_Lerma_Santiago\Pruebas\PSA_FEB_2026.shp</linkage><protocol Sync="TRUE">Local Area Network</protocol></itemLocation></itemProps><coordRef><type Sync="TRUE">Projected</type><geogcsn Sync="TRUE">GCS_WGS_1984</geogcsn><csUnits Sync="TRUE">Linear Unit: Meter (1.000000)</csUnits><projcsn Sync="TRUE">CCL</projcsn><peXml Sync="TRUE">&lt;ProjectedCoordinateSystem xsi:type='typens:ProjectedCoordinateSystem' xmlns:xsi='http://www.w3.org/2001/XMLSchema-instance' xmlns:xs='http://www.w3.org/2001/XMLSchema' xmlns:typens='http://www.esri.com/schemas/ArcGIS/3.4.0'&gt;&lt;WKT&gt;PROJCS[&amp;quot;CCL&amp;quot;,GEOGCS[&amp;quot;GCS_WGS_1984&amp;quot;,DATUM[&amp;quot;D_WGS_1984&amp;quot;,SPHEROID[&amp;quot;WGS_1984&amp;quot;,6378137.0,298.257223563]],PRIMEM[&amp;quot;Greenwich&amp;quot;,0.0],UNIT[&amp;quot;Degree&amp;quot;,0.0174532925199433]],PROJECTION[&amp;quot;Lambert_Conformal_Conic&amp;quot;],PARAMETER[&amp;quot;False_Easting&amp;quot;,2500000.0],PARAMETER[&amp;quot;False_Northing&amp;quot;,0.0],PARAMETER[&amp;quot;Central_Meridian&amp;quot;,-102.0],PARAMETER[&amp;quot;Standard_Parallel_1&amp;quot;,17.5],PARAMETER[&amp;quot;Standard_Parallel_2&amp;quot;,29.5],PARAMETER[&amp;quot;Scale_Factor&amp;quot;,1.0],PARAMETER[&amp;quot;Latitude_Of_Origin&amp;quot;,12.0],UNIT[&amp;quot;Meter&amp;quot;,1.0]]&lt;/WKT&gt;&lt;XOrigin&gt;-37031600&lt;/XOrigin&gt;&lt;YOrigin&gt;-25743800&lt;/YOrigin&gt;&lt;XYScale&gt;113924041.20679393&lt;/XYScale&gt;&lt;ZOrigin&gt;-100000&lt;/ZOrigin&gt;&lt;ZScale&gt;10000&lt;/ZScale&gt;&lt;MOrigin&gt;-100000&lt;/MOrigin&gt;&lt;MScale&gt;10000&lt;/MScale&gt;&lt;XYTolerance&gt;0.001&lt;/XYTolerance&gt;&lt;ZTolerance&gt;0.001&lt;/ZTolerance&gt;&lt;MTolerance&gt;0.001&lt;/MTolerance&gt;&lt;HighPrecision&gt;true&lt;/HighPrecision&gt;&lt;/ProjectedCoordinateSystem&gt;</peXml></coordRef><lineage><Process ToolSource="c:\program files (x86)\arcgis\desktop10.8\ArcToolbox\Toolboxes\Data Management Tools.tbx\Merge" Date="20260102" Time="142942">Merge 260102_Aprobados_Michoacan_V2_CCL;250819_PSA_2025 "D:\JAIRO ARMANDO\PSA FINAL\251010_PSA_FINAL\260102_PSA_2025.shp" "FOL_PROG "FOL_PROG" true true false 254 Text 0 0 ,First,#,260102_Aprobados_Michoacan_V2_CCL,FOL_PROG,-1,-1,250819_PSA_2025,FOL_PROG,-1,-1;FOL_SOL "FOL_SOL" true true false 254 Text 0 0 ,First,#,260102_Aprobados_Michoacan_V2_CCL,FOL_SOL,-1,-1,250819_PSA_2025,FOL_SOL,-1,-1;FOL_REC "FOL_REC" true true false 254 Text 0 0 ,First,#,260102_Aprobados_Michoacan_V2_CCL,FOL_REC,-1,-1,250819_PSA_2025,FOL_REC,-1,-1;CVE_EDO "CVE_EDO" true true false 254 Text 0 0 ,First,#,260102_Aprobados_Michoacan_V2_CCL,CVE_EDO,-1,-1,250819_PSA_2025,CVE_EDO,-1,-1;ESTADO "ESTADO" true true false 254 Text 0 0 ,First,#,260102_Aprobados_Michoacan_V2_CCL,ESTADO,-1,-1,250819_PSA_2025,ESTADO,-1,-1;CVE_MUN "CVE_MUN" true true false 254 Text 0 0 ,First,#,260102_Aprobados_Michoacan_V2_CCL,CVE_MUN,-1,-1,250819_PSA_2025,CVE_MUN,-1,-1;MUNICIPIO "MUNICIPIO" true true false 254 Text 0 0 ,First,#,260102_Aprobados_Michoacan_V2_CCL,MUNICIPIO,-1,-1,250819_PSA_2025,MUNICIPIO,-1,-1;SOLICITANT "SOLICITANT" true true false 254 Text 0 0 ,First,#,260102_Aprobados_Michoacan_V2_CCL,SOLICITANT,-1,-1,250819_PSA_2025,SOLICITANT,-1,-1;PREDIO "PREDIO" true true false 254 Text 0 0 ,First,#,260102_Aprobados_Michoacan_V2_CCL,PREDIO,-1,-1,250819_PSA_2025,PREDIO,-1,-1;REG_PROP "REG_PROP" true true false 254 Text 0 0 ,First,#,260102_Aprobados_Michoacan_V2_CCL,REG_PROP,-1,-1,250819_PSA_2025,REG_PROP,-1,-1;TIPO_PROP "TIPO_PROP" true true false 254 Text 0 0 ,First,#,260102_Aprobados_Michoacan_V2_CCL,TIPO_PROP,-1,-1,250819_PSA_2025,TIPO_PROP,-1,-1;CONCEPTO "CONCEPTO" true true false 254 Text 0 0 ,First,#,260102_Aprobados_Michoacan_V2_CCL,CONCEPTO,-1,-1,250819_PSA_2025,CONCEPTO,-1,-1;SUPERFICIE "SUPERFICIE" true true false 16 Double 6 15 ,First,#,260102_Aprobados_Michoacan_V2_CCL,SUPERFICIE,-1,-1,250819_PSA_2025,SUPERFICIE,-1,-1;MONTO_SA "MONTO_SA" true true false 16 Double 6 15 ,First,#,260102_Aprobados_Michoacan_V2_CCL,MONTO_SA,-1,-1,250819_PSA_2025,MONTO_SA,-1,-1;MONTO_TEC "MONTO_TEC" true true false 16 Double 6 15 ,First,#,260102_Aprobados_Michoacan_V2_CCL,MONTO_TEC,-1,-1,250819_PSA_2025,MONTO_TEC,-1,-1;MONTO_5ANO "MONTO_5ANO" true true false 16 Double 6 15 ,First,#,260102_Aprobados_Michoacan_V2_CCL,MONTO_5ANO,-1,-1,250819_PSA_2025,MONTO_5ANO,-1,-1;OBSERVACIO "OBSERVACIO" true true false 254 Text 0 0 ,First,#,260102_Aprobados_Michoacan_V2_CCL,OBSERVACIO,-1,-1,250819_PSA_2025,OBSERVACIO,-1,-1;FECHAS_DE "FECHAS_DE" true true false 254 Text 0 0 ,First,#,260102_Aprobados_Michoacan_V2_CCL,FECHAS_DE,-1,-1,250819_PSA_2025,FECHAS_DE,-1,-1;EJERCICIO "EJERCICIO" true true false 254 Text 0 0 ,First,#,260102_Aprobados_Michoacan_V2_CCL,EJERCICIO,-1,-1,250819_PSA_2025,EJERCICIO,-1,-1;ESQUEMA "ESQUEMA" true true false 254 Text 0 0 ,First,#,260102_Aprobados_Michoacan_V2_CCL,ESQUEMA,-1,-1,250819_PSA_2025,ESQUEMA,-1,-1"</Process><Process ToolSource="c:\program files (x86)\arcgis\desktop10.8\ArcToolbox\Toolboxes\Data Management Tools.tbx\Merge" Date="20260129" Time="110006">Merge 260102_PSA_2025;260121_PSA_2024;260121_PSA_2023;260121_PSA_2022;260119_FONDOS_CONCURRENTES_VIGENTES_2012_2025_CCL;240724_FPB_2024;221006_FPB_2022 C:\Users\lsaldana\Documents\ArcGIS\Default.gdb\c260102_PSA_2025_Merge "FOL_PROG "FOL_PROG" true true false 254 Text 0 0 ,First,#,260102_PSA_2025,FOL_PROG,-1,-1,260121_PSA_2024,FOL_PROG,-1,-1,260121_PSA_2023,FOL_PROG,-1,-1,260121_PSA_2022,FOL_PROG,-1,-1,260119_FONDOS_CONCURRENTES_VIGENTES_2012_2025_CCL,FOL_PROG,-1,-1,240724_FPB_2024,FOL_PROG,-1,-1,221006_FPB_2022,FOL_PROG,-1,-1;FOL_SOL "FOL_SOL" true true false 254 Text 0 0 ,First,#,260102_PSA_2025,FOL_SOL,-1,-1,260121_PSA_2024,FOL_SOL,-1,-1,260121_PSA_2023,FOL_SOL,-1,-1,260121_PSA_2022,FOL_SOL,-1,-1,260119_FONDOS_CONCURRENTES_VIGENTES_2012_2025_CCL,FOL_SOL,-1,-1,240724_FPB_2024,FOL_SOL,-1,-1,221006_FPB_2022,FOL_SOL,-1,-1;FOL_REC "FOL_REC" true true false 254 Text 0 0 ,First,#,260102_PSA_2025,FOL_REC,-1,-1,260121_PSA_2024,FOL_REC,-1,-1,260121_PSA_2023,FOL_REC,-1,-1,260121_PSA_2022,FOL_REC,-1,-1,260119_FONDOS_CONCURRENTES_VIGENTES_2012_2025_CCL,FOL_REC,-1,-1,240724_FPB_2024,FOL_REC,-1,-1,221006_FPB_2022,FOL_REC,-1,-1;CVE_EDO "CVE_EDO" true true false 254 Text 0 0 ,First,#,260102_PSA_2025,CVE_EDO,-1,-1,260121_PSA_2024,CVE_EDO,-1,-1,260121_PSA_2023,CVE_EDO,-1,-1,260121_PSA_2022,CVE_EDO,-1,-1,260119_FONDOS_CONCURRENTES_VIGENTES_2012_2025_CCL,CVE_EDO,-1,-1,240724_FPB_2024,CVE_EDO,-1,-1,221006_FPB_2022,CVE_EDO,-1,-1;ESTADO "ESTADO" true true false 254 Text 0 0 ,First,#,260102_PSA_2025,ESTADO,-1,-1,260121_PSA_2024,ESTADO,-1,-1,260121_PSA_2023,ESTADO,-1,-1,260121_PSA_2022,ESTADO,-1,-1,260119_FONDOS_CONCURRENTES_VIGENTES_2012_2025_CCL,ESTADO,-1,-1,240724_FPB_2024,ESTADO,-1,-1,221006_FPB_2022,ESTADO,-1,-1;CVE_MUN "CVE_MUN" true true false 254 Text 0 0 ,First,#,260102_PSA_2025,CVE_MUN,-1,-1,260121_PSA_2024,CVE_MUN,-1,-1,260121_PSA_2023,CVE_MUN,-1,-1,260121_PSA_2022,CVE_MUN,-1,-1,260119_FONDOS_CONCURRENTES_VIGENTES_2012_2025_CCL,CVE_MUN,-1,-1,240724_FPB_2024,CVE_MUN,-1,-1,221006_FPB_2022,CVE_MUN,-1,-1;MUNICIPIO "MUNICIPIO" true true false 254 Text 0 0 ,First,#,260102_PSA_2025,MUNICIPIO,-1,-1,260121_PSA_2024,MUNICIPIO,-1,-1,260121_PSA_2023,MUNICIPIO,-1,-1,260121_PSA_2022,MUNICIPIO,-1,-1,260119_FONDOS_CONCURRENTES_VIGENTES_2012_2025_CCL,MUNICIPIO,-1,-1,240724_FPB_2024,MUNICIPIO,-1,-1,221006_FPB_2022,MUNICIPIO,-1,-1;SOLICITANT "SOLICITANT" true true false 254 Text 0 0 ,First,#,260102_PSA_2025,SOLICITANT,-1,-1,260121_PSA_2024,SOLICITANT,-1,-1,260121_PSA_2023,SOLICITANT,-1,-1,260121_PSA_2022,SOLICITANT,-1,-1,260119_FONDOS_CONCURRENTES_VIGENTES_2012_2025_CCL,SOLICITANT,-1,-1,240724_FPB_2024,SOLICITANT,-1,-1,221006_FPB_2022,SOLICITANT,-1,-1;PREDIO "PREDIO" true true false 254 Text 0 0 ,First,#,260102_PSA_2025,PREDIO,-1,-1,260121_PSA_2024,PREDIO,-1,-1,260121_PSA_2023,PREDIO,-1,-1,260121_PSA_2022,PREDIO,-1,-1,260119_FONDOS_CONCURRENTES_VIGENTES_2012_2025_CCL,PREDIO,-1,-1,240724_FPB_2024,PREDIO,-1,-1,221006_FPB_2022,PREDIO,-1,-1;REG_PROP "REG_PROP" true true false 254 Text 0 0 ,First,#,260102_PSA_2025,REG_PROP,-1,-1,260121_PSA_2024,REG_PROP,-1,-1,260121_PSA_2023,REG_PROP,-1,-1,260121_PSA_2022,REG_PROP,-1,-1,260119_FONDOS_CONCURRENTES_VIGENTES_2012_2025_CCL,REG_PROP,-1,-1,240724_FPB_2024,REG_PROP,-1,-1,221006_FPB_2022,REG_PROP,-1,-1;TIPO_PROP "TIPO_PROP" true true false 254 Text 0 0 ,First,#,260102_PSA_2025,TIPO_PROP,-1,-1,260121_PSA_2024,TIPO_PROP,-1,-1,260121_PSA_2023,TIPO_PROP,-1,-1,260121_PSA_2022,TIPO_PROP,-1,-1,260119_FONDOS_CONCURRENTES_VIGENTES_2012_2025_CCL,TIPO_PROP,-1,-1,240724_FPB_2024,TIPO_PROP,-1,-1,221006_FPB_2022,TIPO_PROP,-1,-1;CONCEPTO "CONCEPTO" true true false 254 Text 0 0 ,First,#,260102_PSA_2025,CONCEPTO,-1,-1,260121_PSA_2024,CONCEPTO,-1,-1,260121_PSA_2023,CONCEPTO,-1,-1,260121_PSA_2022,CONCEPTO,-1,-1,260119_FONDOS_CONCURRENTES_VIGENTES_2012_2025_CCL,CONCEPTO,-1,-1,240724_FPB_2024,CONCEPTO,-1,-1,221006_FPB_2022,CONCEPTO,-1,-1;SUPERFICIE "SUPERFICIE" true true false 16 Double 6 15 ,First,#,260102_PSA_2025,SUPERFICIE,-1,-1,260121_PSA_2024,SUPERFICIE,-1,-1,260121_PSA_2023,SUPERFICIE,-1,-1,260121_PSA_2022,SUPERFICIE,-1,-1,260119_FONDOS_CONCURRENTES_VIGENTES_2012_2025_CCL,SUPERFICIE,-1,-1,240724_FPB_2024,SUPERFICIE,-1,-1,221006_FPB_2022,SUPERFICIE,-1,-1;MONTO_SA "MONTO_SA" true true false 16 Double 6 15 ,First,#,260102_PSA_2025,MONTO_SA,-1,-1,260121_PSA_2024,MONTO_SA,-1,-1,260121_PSA_2023,MONTO_SA,-1,-1,260121_PSA_2022,MONTO_SA,-1,-1,260119_FONDOS_CONCURRENTES_VIGENTES_2012_2025_CCL,MONTO_SA,-1,-1,240724_FPB_2024,MONTO_SA,-1,-1,221006_FPB_2022,MONTO_SA,-1,-1;MONTO_TEC "MONTO_TEC" true true false 16 Double 6 15 ,First,#,260102_PSA_2025,MONTO_TEC,-1,-1,260121_PSA_2024,MONTO_TEC,-1,-1,260121_PSA_2023,MONTO_TEC,-1,-1,260121_PSA_2022,MONTO_TEC,-1,-1,260119_FONDOS_CONCURRENTES_VIGENTES_2012_2025_CCL,MONTO_TEC,-1,-1,240724_FPB_2024,MONTO_TEC,-1,-1,221006_FPB_2022,MONTO_TEC,-1,-1;MONTO_5ANO "MONTO_5ANO" true true false 16 Double 6 15 ,First,#,260102_PSA_2025,MONTO_5ANO,-1,-1,260121_PSA_2024,MONTO_5ANO,-1,-1,260121_PSA_2023,MONTO_5ANO,-1,-1,260121_PSA_2022,MONTO_5ANO,-1,-1,260119_FONDOS_CONCURRENTES_VIGENTES_2012_2025_CCL,MONTO_5ANO,-1,-1,240724_FPB_2024,MONTO_5ANO,-1,-1,221006_FPB_2022,MONTO_5ANO,-1,-1;OBSERVACIO "OBSERVACIO" true true false 254 Text 0 0 ,First,#,260102_PSA_2025,OBSERVACIO,-1,-1,260121_PSA_2024,OBSERVACIO,-1,-1,260121_PSA_2023,OBSERVACIO,-1,-1,260121_PSA_2022,OBSERVACIO,-1,-1,260119_FONDOS_CONCURRENTES_VIGENTES_2012_2025_CCL,OBSERVACIO,-1,-1,240724_FPB_2024,OBSERVACIO,-1,-1,221006_FPB_2022,OBSERVACIO,-1,-1;FECHAS_DE "FECHAS_DE" true true false 254 Text 0 0 ,First,#,260102_PSA_2025,FECHAS_DE,-1,-1,260121_PSA_2024,FECHAS_DE,-1,-1,260121_PSA_2023,FECHAS_DE,-1,-1,260121_PSA_2022,FECHAS_DE,-1,-1,260119_FONDOS_CONCURRENTES_VIGENTES_2012_2025_CCL,FECHAS_DE,-1,-1,240724_FPB_2024,FECHAS_DE,-1,-1,221006_FPB_2022,FECHAS_DE,-1,-1;EJERCICIO "EJERCICIO" true true false 254 Text 0 0 ,First,#,260102_PSA_2025,EJERCICIO,-1,-1,260121_PSA_2024,EJERCICIO,-1,-1,260121_PSA_2023,EJERCICIO,-1,-1,260121_PSA_2022,EJERCICIO,-1,-1,260119_FONDOS_CONCURRENTES_VIGENTES_2012_2025_CCL,EJERCICIO,-1,-1,240724_FPB_2024,EJERCICIO,-1,-1,221006_FPB_2022,EJERCICIO,-1,-1;ESQUEMA "ESQUEMA" true true false 254 Text 0 0 ,First,#,260102_PSA_2025,ESQUEMA,-1,-1,260121_PSA_2024,ESQUEMA,-1,-1,260121_PSA_2023,ESQUEMA,-1,-1,260121_PSA_2022,ESQUEMA,-1,-1,260119_FONDOS_CONCURRENTES_VIGENTES_2012_2025_CCL,ESQUEMA,-1,-1,240724_FPB_2024,ESQUEMA,-1,-1,221006_FPB_2022,ESQUEMA,-1,-1;VIGENCIA "VIGENCIA" true true false 19 Double 0 0 ,First,#,260121_PSA_2024,VIGENCIA,-1,-1,260121_PSA_2023,VIGENCIA,-1,-1,260119_FONDOS_CONCURRENTES_VIGENTES_2012_2025_CCL,VIGENCIA,-1,-1,240724_FPB_2024,VIGENCIA,-1,-1,221006_FPB_2022,VIGENCIA,-1,-1;FOL_CARTA "FOL_CARTA" true true false 254 Text 0 0 ,First,#,260119_FONDOS_CONCURRENTES_VIGENTES_2012_2025_CCL,FOL_CARTA,-1,-1,240724_FPB_2024,FOL_CARTA,-1,-1,221006_FPB_2022,FOL_CARTA,-1,-1;NOM_CONTRA "NOM_CONTRA" true true false 254 Text 0 0 ,First,#,260119_FONDOS_CONCURRENTES_VIGENTES_2012_2025_CCL,NOM_CONTRA,-1,-1,240724_FPB_2024,NOM_CONTRA,-1,-1,221006_FPB_2022,NOM_CONTRA,-1,-1;MONTO_TOTA "MONTO_TOTA" true true false 19 Double 0 0 ,First,#,260119_FONDOS_CONCURRENTES_VIGENTES_2012_2025_CCL,MONTO_TOTA,-1,-1,240724_FPB_2024,MONTO_TOTA,-1,-1,221006_FPB_2022,MONTO_TOTA,-1,-1;MONTO_CNF "MONTO_CNF" true true false 19 Double 0 0 ,First,#,260119_FONDOS_CONCURRENTES_VIGENTES_2012_2025_CCL,MONTO_CNF,-1,-1,240724_FPB_2024,MONTO_CNF,-1,-1,221006_FPB_2022,MONTO_CNF,-1,-1;MONTO_PI "MONTO_PI" true true false 19 Double 0 0 ,First,#,260119_FONDOS_CONCURRENTES_VIGENTES_2012_2025_CCL,MONTO_PI,-1,-1,240724_FPB_2024,MONTO_PI,-1,-1,221006_FPB_2022,MONTO_PI,-1,-1;MODALIDAD "MODALIDAD" true true false 254 Text 0 0 ,First,#,240724_FPB_2024,MODALIDAD,-1,-1,221006_FPB_2022,MODALIDAD,-1,-1"</Process><Process ToolSource="c:\program files\arcgis\pro\Resources\ArcToolbox\toolboxes\Conversion Tools.tbx\ExportFeatures" Date="20260130" Time="133329">ExportFeatures 260129_PSA_2022_2025_TLE_CCL "C:\Users\christian.rojas\Desktop\eliminar\Geoportal Cuenca Lerma Santiago\PSA_2022_2025_TLE_CCL_CuencaLS.shp" # NOT_USE_ALIAS "FOL_PROG "FOL_PROG" true true false 254 Text 0 0,First,#,260129_PSA_2022_2025_TLE_CCL,FOL_PROG,0,253;FOL_SOL "FOL_SOL" true true false 254 Text 0 0,First,#,260129_PSA_2022_2025_TLE_CCL,FOL_SOL,0,253;FOL_REC "FOL_REC" true true false 254 Text 0 0,First,#,260129_PSA_2022_2025_TLE_CCL,FOL_REC,0,253;CVE_EDO "CVE_EDO" true true false 254 Text 0 0,First,#,260129_PSA_2022_2025_TLE_CCL,CVE_EDO,0,253;ESTADO "ESTADO" true true false 254 Text 0 0,First,#,260129_PSA_2022_2025_TLE_CCL,ESTADO,0,253;CVE_MUN "CVE_MUN" true true false 254 Text 0 0,First,#,260129_PSA_2022_2025_TLE_CCL,CVE_MUN,0,253;MUNICIPIO "MUNICIPIO" true true false 254 Text 0 0,First,#,260129_PSA_2022_2025_TLE_CCL,MUNICIPIO,0,253;SOLICITANT "SOLICITANT" true true false 254 Text 0 0,First,#,260129_PSA_2022_2025_TLE_CCL,SOLICITANT,0,253;PREDIO "PREDIO" true true false 254 Text 0 0,First,#,260129_PSA_2022_2025_TLE_CCL,PREDIO,0,253;REG_PROP "REG_PROP" true true false 254 Text 0 0,First,#,260129_PSA_2022_2025_TLE_CCL,REG_PROP,0,253;TIPO_PROP "TIPO_PROP" true true false 254 Text 0 0,First,#,260129_PSA_2022_2025_TLE_CCL,TIPO_PROP,0,253;CONCEPTO "CONCEPTO" true true false 254 Text 0 0,First,#,260129_PSA_2022_2025_TLE_CCL,CONCEPTO,0,253;SUPERFICIE "SUPERFICIE" true true false 19 Double 0 0,First,#,260129_PSA_2022_2025_TLE_CCL,SUPERFICIE,-1,-1;MONTO_SA "MONTO_SA" true true false 19 Double 0 0,First,#,260129_PSA_2022_2025_TLE_CCL,MONTO_SA,-1,-1;MONTO_TEC "MONTO_TEC" true true false 19 Double 0 0,First,#,260129_PSA_2022_2025_TLE_CCL,MONTO_TEC,-1,-1;MONTO_5ANO "MONTO_5ANO" true true false 19 Double 0 0,First,#,260129_PSA_2022_2025_TLE_CCL,MONTO_5ANO,-1,-1;OBSERVACIO "OBSERVACIO" true true false 254 Text 0 0,First,#,260129_PSA_2022_2025_TLE_CCL,OBSERVACIO,0,253;FECHAS_DE "FECHAS_DE" true true false 254 Text 0 0,First,#,260129_PSA_2022_2025_TLE_CCL,FECHAS_DE,0,253;EJERCICIO "EJERCICIO" true true false 254 Text 0 0,First,#,260129_PSA_2022_2025_TLE_CCL,EJERCICIO,0,253;ESQUEMA "ESQUEMA" true true false 254 Text 0 0,First,#,260129_PSA_2022_2025_TLE_CCL,ESQUEMA,0,253;VIGENCIA "VIGENCIA" true true false 19 Double 0 0,First,#,260129_PSA_2022_2025_TLE_CCL,VIGENCIA,-1,-1;FOL_CARTA "FOL_CARTA" true true false 254 Text 0 0,First,#,260129_PSA_2022_2025_TLE_CCL,FOL_CARTA,0,253;NOM_CONTRA "NOM_CONTRA" true true false 254 Text 0 0,First,#,260129_PSA_2022_2025_TLE_CCL,NOM_CONTRA,0,253;MONTO_TOTA "MONTO_TOTA" true true false 19 Double 0 0,First,#,260129_PSA_2022_2025_TLE_CCL,MONTO_TOTA,-1,-1;MONTO_CNF "MONTO_CNF" true true false 19 Double 0 0,First,#,260129_PSA_2022_2025_TLE_CCL,MONTO_CNF,-1,-1;MONTO_PI "MONTO_PI" true true false 19 Double 0 0,First,#,260129_PSA_2022_2025_TLE_CCL,MONTO_PI,-1,-1;MODALIDAD "MODALIDAD" true true false 254 Text 0 0,First,#,260129_PSA_2022_2025_TLE_CCL,MODALIDAD,0,253" #</Process><Process ToolSource="c:\program files\arcgis\pro\Resources\ArcToolbox\toolboxes\Conversion Tools.tbx\ExportFeatures" Date="20260130" Time="161830">ExportFeatures PSA_2022_2025_TLE_CCL_CuencaLS C:\Eliminar\PSA_2022_2025_TLE_CCL_CuencaLS.shp # NOT_USE_ALIAS "FOL_PROG "FOL_PROG" true true false 254 Text 0 0,First,#,PSA_2022_2025_TLE_CCL_CuencaLS,PSA_2022_2025_TLE_CCL_CuencaLS.FOL_PROG,0,253;FOL_SOL "FOL_SOL" true true false 254 Text 0 0,First,#,PSA_2022_2025_TLE_CCL_CuencaLS,PSA_2022_2025_TLE_CCL_CuencaLS.FOL_SOL,0,253;FOL_REC "FOL_REC" true true false 254 Text 0 0,First,#,PSA_2022_2025_TLE_CCL_CuencaLS,PSA_2022_2025_TLE_CCL_CuencaLS.FOL_REC,0,253;CVE_EDO "CVE_EDO" true true false 254 Text 0 0,First,#,PSA_2022_2025_TLE_CCL_CuencaLS,PSA_2022_2025_TLE_CCL_CuencaLS.CVE_EDO,0,253;ESTADO "ESTADO" true true false 254 Text 0 0,First,#,PSA_2022_2025_TLE_CCL_CuencaLS,PSA_2022_2025_TLE_CCL_CuencaLS.ESTADO,0,253;CVE_MUN "CVE_MUN" true true false 254 Text 0 0,First,#,PSA_2022_2025_TLE_CCL_CuencaLS,PSA_2022_2025_TLE_CCL_CuencaLS.CVE_MUN,0,253;MUNICIPIO "MUNICIPIO" true true false 254 Text 0 0,First,#,PSA_2022_2025_TLE_CCL_CuencaLS,PSA_2022_2025_TLE_CCL_CuencaLS.MUNICIPIO,0,253;SOLICITANT "SOLICITANT" true true false 254 Text 0 0,First,#,PSA_2022_2025_TLE_CCL_CuencaLS,PSA_2022_2025_TLE_CCL_CuencaLS.SOLICITANT,0,253;PREDIO "PREDIO" true true false 254 Text 0 0,First,#,PSA_2022_2025_TLE_CCL_CuencaLS,PSA_2022_2025_TLE_CCL_CuencaLS.PREDIO,0,253;REG_PROP "REG_PROP" true true false 254 Text 0 0,First,#,PSA_2022_2025_TLE_CCL_CuencaLS,PSA_2022_2025_TLE_CCL_CuencaLS.REG_PROP,0,253;TIPO_PROP "TIPO_PROP" true true false 254 Text 0 0,First,#,PSA_2022_2025_TLE_CCL_CuencaLS,PSA_2022_2025_TLE_CCL_CuencaLS.TIPO_PROP,0,253;CONCEPTO "CONCEPTO" true true false 254 Text 0 0,First,#,PSA_2022_2025_TLE_CCL_CuencaLS,PSA_2022_2025_TLE_CCL_CuencaLS.CONCEPTO,0,253;SUPERFICIE "SUPERFICIE" true true false 19 Double 0 0,First,#,PSA_2022_2025_TLE_CCL_CuencaLS,PSA_2022_2025_TLE_CCL_CuencaLS.SUPERFICIE,-1,-1;MONTO_SA "MONTO_SA" true true false 19 Double 0 0,First,#,PSA_2022_2025_TLE_CCL_CuencaLS,PSA_2022_2025_TLE_CCL_CuencaLS.MONTO_SA,-1,-1;MONTO_TEC "MONTO_TEC" true true false 19 Double 0 0,First,#,PSA_2022_2025_TLE_CCL_CuencaLS,PSA_2022_2025_TLE_CCL_CuencaLS.MONTO_TEC,-1,-1;MONTO_5ANO "MONTO_5ANO" true true false 19 Double 0 0,First,#,PSA_2022_2025_TLE_CCL_CuencaLS,PSA_2022_2025_TLE_CCL_CuencaLS.MONTO_5ANO,-1,-1;OBSERVACIO "OBSERVACIO" true true false 254 Text 0 0,First,#,PSA_2022_2025_TLE_CCL_CuencaLS,PSA_2022_2025_TLE_CCL_CuencaLS.OBSERVACIO,0,253;FECHAS_DE "FECHAS_DE" true true false 254 Text 0 0,First,#,PSA_2022_2025_TLE_CCL_CuencaLS,PSA_2022_2025_TLE_CCL_CuencaLS.FECHAS_DE,0,253;EJERCICIO "EJERCICIO" true true false 254 Text 0 0,First,#,PSA_2022_2025_TLE_CCL_CuencaLS,PSA_2022_2025_TLE_CCL_CuencaLS.EJERCICIO,0,253;ESQUEMA "ESQUEMA" true true false 254 Text 0 0,First,#,PSA_2022_2025_TLE_CCL_CuencaLS,PSA_2022_2025_TLE_CCL_CuencaLS.ESQUEMA,0,253;VIGENCIA "VIGENCIA" true true false 19 Double 0 0,First,#,PSA_2022_2025_TLE_CCL_CuencaLS,PSA_2022_2025_TLE_CCL_CuencaLS.VIGENCIA,-1,-1;FOL_CARTA "FOL_CARTA" true true false 254 Text 0 0,First,#,PSA_2022_2025_TLE_CCL_CuencaLS,PSA_2022_2025_TLE_CCL_CuencaLS.FOL_CARTA,0,253;NOM_CONTRA "NOM_CONTRA" true true false 254 Text 0 0,First,#,PSA_2022_2025_TLE_CCL_CuencaLS,PSA_2022_2025_TLE_CCL_CuencaLS.NOM_CONTRA,0,253;MONTO_TOTA "MONTO_TOTA" true true false 19 Double 0 0,First,#,PSA_2022_2025_TLE_CCL_CuencaLS,PSA_2022_2025_TLE_CCL_CuencaLS.MONTO_TOTA,-1,-1;MONTO_CNF "MONTO_CNF" true true false 19 Double 0 0,First,#,PSA_2022_2025_TLE_CCL_CuencaLS,PSA_2022_2025_TLE_CCL_CuencaLS.MONTO_CNF,-1,-1;MONTO_PI "MONTO_PI" true true false 19 Double 0 0,First,#,PSA_2022_2025_TLE_CCL_CuencaLS,PSA_2022_2025_TLE_CCL_CuencaLS.MONTO_PI,-1,-1;MODALIDAD "MODALIDAD" true true false 254 Text 0 0,First,#,PSA_2022_2025_TLE_CCL_CuencaLS,PSA_2022_2025_TLE_CCL_CuencaLS.MODALIDAD,0,253;FOL_PROG "FOL_PROG" true true false 8000 Text 0 0,First,#,PSA_2022_2025_TLE_CCL_CuencaLS,J_PSA.csv.FOL_PROG,0,7999;CVE_EDO "CVE_EDO" true true false 4 Long 0 0,First,#,PSA_2022_2025_TLE_CCL_CuencaLS,J_PSA.csv.CVE_EDO,-1,-1;ESTADO "ESTADO" true true false 8000 Text 0 0,First,#,PSA_2022_2025_TLE_CCL_CuencaLS,J_PSA.csv.ESTADO,0,7999;MUNICIPIO "MUNICIPIO" true true false 8000 Text 0 0,First,#,PSA_2022_2025_TLE_CCL_CuencaLS,J_PSA.csv.MUNICIPIO,0,7999;SOLICITANT "SOLICITANT" true true false 8000 Text 0 0,First,#,PSA_2022_2025_TLE_CCL_CuencaLS,J_PSA.csv.SOLICITANT,0,7999;TIPO_PROP "TIPO_PROP" true true false 8000 Text 0 0,First,#,PSA_2022_2025_TLE_CCL_CuencaLS,J_PSA.csv.TIPO_PROP,0,7999;CONCEPTO "CONCEPTO" true true false 8000 Text 0 0,First,#,PSA_2022_2025_TLE_CCL_CuencaLS,J_PSA.csv.CONCEPTO,0,7999;ESQUEMA "ESQUEMA" true true false 8000 Text 0 0,First,#,PSA_2022_2025_TLE_CCL_CuencaLS,J_PSA.csv.ESQUEMA,0,7999;SUP_HA "SUP_HA" true true false 8 Double 0 0,First,#,PSA_2022_2025_TLE_CCL_CuencaLS,J_PSA.csv.SUP_HA,-1,-1;MONTO_CNF "MONTO_CNF" true true false 8 Double 0 0,First,#,PSA_2022_2025_TLE_CCL_CuencaLS,J_PSA.csv.MONTO_CNF,-1,-1;MONTO_PI "MONTO_PI" true true false 8 Double 0 0,First,#,PSA_2022_2025_TLE_CCL_CuencaLS,J_PSA.csv.MONTO_PI,-1,-1;MONTO_TOT "MONTO_TOT" true true false 8 Double 0 0,First,#,PSA_2022_2025_TLE_CCL_CuencaLS,J_PSA.csv.MONTO_TOT,-1,-1;EJERCICIO "EJERCICIO" true true false 4 Long 0 0,First,#,PSA_2022_2025_TLE_CCL_CuencaLS,J_PSA.csv.EJERCICIO,-1,-1;GERENCIA "GERENCIA" true true false 8000 Text 0 0,First,#,PSA_2022_2025_TLE_CCL_CuencaLS,J_PSA.csv.GERENCIA,0,7999" #</Process><Process ToolSource="c:\program files\arcgis\pro\Resources\ArcToolbox\toolboxes\Data Management Tools.tbx\DeleteField" Date="20260130" Time="162050">DeleteField PSA_2022_2025_TLE_CCL_CuencaLS FOL_PROG;FOL_SOL;FOL_REC;CVE_EDO;ESTADO;CVE_MUN;MUNICIPIO;SOLICITANT;PREDIO;REG_PROP;TIPO_PROP;CONCEPTO;SUPERFICIE;MONTO_SA;MONTO_TEC;MONTO_5ANO;OBSERVACIO;FECHAS_DE;EJERCICIO;ESQUEMA;VIGENCIA;FOL_CARTA;NOM_CONTRA;MONTO_TOTA;MONTO_CNF;MONTO_PI;MODALIDAD;CVE_EDO_1;ESTADO_1;MUNICIPI_1;SOLICITA_1;TIPO_PRO_1;CONCEPTO_1;ESQUEMA_1;SUP_HA;MONTO_CN_1;MONTO_PI_1;MONTO_TOT;EJERCICI_1;GERENCIA DELETE_FIELDS</Process><Process ToolSource="c:\program files\arcgis\pro\Resources\ArcToolbox\toolboxes\Conversion Tools.tbx\ExportFeatures" Date="20260130" Time="162228">ExportFeatures PSA_2022_2025_TLE_CCL_CuencaLS C:\Geoportal_CONAFOR\Monitor_Lerma_Santiago\proy\PSA_2022_2025_TLE_CCL_CuencaLS.shp # NOT_USE_ALIAS "FOL_PROG_1 "FOL_PROG_1" true true false 254 Text 0 0,First,#,PSA_2022_2025_TLE_CCL_CuencaLS,PSA_2022_2025_TLE_CCL_CuencaLS.FOL_PROG_1,0,253;FOL_PROG "FOL_PROG" true true false 8000 Text 0 0,First,#,PSA_2022_2025_TLE_CCL_CuencaLS,J_PSA.csv.FOL_PROG,0,7999;CVE_EDO "CVE_EDO" true true false 4 Long 0 0,First,#,PSA_2022_2025_TLE_CCL_CuencaLS,J_PSA.csv.CVE_EDO,-1,-1;ESTADO "ESTADO" true true false 8000 Text 0 0,First,#,PSA_2022_2025_TLE_CCL_CuencaLS,J_PSA.csv.ESTADO,0,7999;MUNICIPIO "MUNICIPIO" true true false 8000 Text 0 0,First,#,PSA_2022_2025_TLE_CCL_CuencaLS,J_PSA.csv.MUNICIPIO,0,7999;SOLICITANT "SOLICITANT" true true false 8000 Text 0 0,First,#,PSA_2022_2025_TLE_CCL_CuencaLS,J_PSA.csv.SOLICITANT,0,7999;TIPO_PROP "TIPO_PROP" true true false 8000 Text 0 0,First,#,PSA_2022_2025_TLE_CCL_CuencaLS,J_PSA.csv.TIPO_PROP,0,7999;CONCEPTO "CONCEPTO" true true false 8000 Text 0 0,First,#,PSA_2022_2025_TLE_CCL_CuencaLS,J_PSA.csv.CONCEPTO,0,7999;ESQUEMA "ESQUEMA" true true false 8000 Text 0 0,First,#,PSA_2022_2025_TLE_CCL_CuencaLS,J_PSA.csv.ESQUEMA,0,7999;SUP_HA "SUP_HA" true true false 8 Double 0 0,First,#,PSA_2022_2025_TLE_CCL_CuencaLS,J_PSA.csv.SUP_HA,-1,-1;MONTO_CNF "MONTO_CNF" true true false 8 Double 0 0,First,#,PSA_2022_2025_TLE_CCL_CuencaLS,J_PSA.csv.MONTO_CNF,-1,-1;MONTO_PI "MONTO_PI" true true false 8 Double 0 0,First,#,PSA_2022_2025_TLE_CCL_CuencaLS,J_PSA.csv.MONTO_PI,-1,-1;MONTO_TOT "MONTO_TOT" true true false 8 Double 0 0,First,#,PSA_2022_2025_TLE_CCL_CuencaLS,J_PSA.csv.MONTO_TOT,-1,-1;EJERCICIO "EJERCICIO" true true false 4 Long 0 0,First,#,PSA_2022_2025_TLE_CCL_CuencaLS,J_PSA.csv.EJERCICIO,-1,-1;GERENCIA "GERENCIA" true true false 8000 Text 0 0,First,#,PSA_2022_2025_TLE_CCL_CuencaLS,J_PSA.csv.GERENCIA,0,7999" #</Process><Process ToolSource="c:\program files\arcgis\pro\Resources\ArcToolbox\toolboxes\Data Management Tools.tbx\DeleteField" Date="20260130" Time="162307">DeleteField PSA_2022_2025_TLE_CCL_CuencaLS FOL_PROG_1 DELETE_FIELDS</Process><Process ToolSource="c:\program files\arcgis\pro\Resources\ArcToolbox\toolboxes\Conversion Tools.tbx\ExportFeatures" Date="20260130" Time="162343">ExportFeatures PSA_2022_2025_TLE_CCL_CuencaLS C:\Geoportal_CONAFOR\Monitor_Lerma_Santiago\datos_crudos\PSA_2022_2025_TLE_CCL_CuencaLS_.shp # NOT_USE_ALIAS "FOL_PROG "FOL_PROG" true true false 254 Text 0 0,First,#,PSA_2022_2025_TLE_CCL_CuencaLS,FOL_PROG,0,253;CVE_EDO "CVE_EDO" true true false 10 Long 0 10,First,#,PSA_2022_2025_TLE_CCL_CuencaLS,CVE_EDO,-1,-1;ESTADO "ESTADO" true true false 254 Text 0 0,First,#,PSA_2022_2025_TLE_CCL_CuencaLS,ESTADO,0,253;MUNICIPIO "MUNICIPIO" true true false 254 Text 0 0,First,#,PSA_2022_2025_TLE_CCL_CuencaLS,MUNICIPIO,0,253;SOLICITANT "SOLICITANT" true true false 254 Text 0 0,First,#,PSA_2022_2025_TLE_CCL_CuencaLS,SOLICITANT,0,253;TIPO_PROP "TIPO_PROP" true true false 254 Text 0 0,First,#,PSA_2022_2025_TLE_CCL_CuencaLS,TIPO_PROP,0,253;CONCEPTO "CONCEPTO" true true false 254 Text 0 0,First,#,PSA_2022_2025_TLE_CCL_CuencaLS,CONCEPTO,0,253;ESQUEMA "ESQUEMA" true true false 254 Text 0 0,First,#,PSA_2022_2025_TLE_CCL_CuencaLS,ESQUEMA,0,253;SUP_HA "SUP_HA" true true false 19 Double 0 0,First,#,PSA_2022_2025_TLE_CCL_CuencaLS,SUP_HA,-1,-1;MONTO_CNF "MONTO_CNF" true true false 19 Double 0 0,First,#,PSA_2022_2025_TLE_CCL_CuencaLS,MONTO_CNF,-1,-1;MONTO_PI "MONTO_PI" true true false 19 Double 0 0,First,#,PSA_2022_2025_TLE_CCL_CuencaLS,MONTO_PI,-1,-1;MONTO_TOT "MONTO_TOT" true true false 19 Double 0 0,First,#,PSA_2022_2025_TLE_CCL_CuencaLS,MONTO_TOT,-1,-1;EJERCICIO "EJERCICIO" true true false 10 Long 0 10,First,#,PSA_2022_2025_TLE_CCL_CuencaLS,EJERCICIO,-1,-1;GERENCIA "GERENCIA" true true false 254 Text 0 0,First,#,PSA_2022_2025_TLE_CCL_CuencaLS,GERENCIA,0,253" #</Process><Process ToolSource="c:\program files\arcgis\pro\Resources\ArcToolbox\Toolboxes\Data Management Tools.tbx\Rename" Date="20260130" Time="162645">Rename C:\Geoportal_CONAFOR\Monitor_Lerma_Santiago\datos_crudos\PSA_2022_2025_TLE_CCL_CuencaLS_.shp C:\Geoportal_CONAFOR\Monitor_Lerma_Santiago\datos_crudos\PSA_2022_2025_TLE_CCL_CuencaLS.shp ShapeFile</Process><Process ToolSource="c:\program files\arcgis\pro\Resources\ArcToolbox\toolboxes\Conversion Tools.tbx\ExportFeatures" Date="20260130" Time="163712">ExportFeatures PSA_2022_2025_TLE_CCL_CuencaLS C:\Geoportal_CONAFOR\Monitor_Lerma_Santiago\datos_crudos\PSA_CLS_VIG.shp # NOT_USE_ALIAS "FOL_PROG "FOL_PROG" true true false 254 Text 0 0,First,#,PSA_2022_2025_TLE_CCL_CuencaLS,FOL_PROG,0,253;CVE_EDO "CVE_EDO" true true false 10 Long 0 10,First,#,PSA_2022_2025_TLE_CCL_CuencaLS,CVE_EDO,-1,-1;ESTADO "ESTADO" true true false 254 Text 0 0,First,#,PSA_2022_2025_TLE_CCL_CuencaLS,ESTADO,0,253;MUNICIPIO "MUNICIPIO" true true false 254 Text 0 0,First,#,PSA_2022_2025_TLE_CCL_CuencaLS,MUNICIPIO,0,253;SOLICITANT "SOLICITANT" true true false 254 Text 0 0,First,#,PSA_2022_2025_TLE_CCL_CuencaLS,SOLICITANT,0,253;TIPO_PROP "TIPO_PROP" true true false 254 Text 0 0,First,#,PSA_2022_2025_TLE_CCL_CuencaLS,TIPO_PROP,0,253;CONCEPTO "CONCEPTO" true true false 254 Text 0 0,First,#,PSA_2022_2025_TLE_CCL_CuencaLS,CONCEPTO,0,253;ESQUEMA "ESQUEMA" true true false 254 Text 0 0,First,#,PSA_2022_2025_TLE_CCL_CuencaLS,ESQUEMA,0,253;SUP_HA "SUP_HA" true true false 19 Double 0 0,First,#,PSA_2022_2025_TLE_CCL_CuencaLS,SUP_HA,-1,-1;MONTO_CNF "MONTO_CNF" true true false 19 Double 0 0,First,#,PSA_2022_2025_TLE_CCL_CuencaLS,MONTO_CNF,-1,-1;MONTO_PI "MONTO_PI" true true false 19 Double 0 0,First,#,PSA_2022_2025_TLE_CCL_CuencaLS,MONTO_PI,-1,-1;MONTO_TOT "MONTO_TOT" true true false 19 Double 0 0,First,#,PSA_2022_2025_TLE_CCL_CuencaLS,MONTO_TOT,-1,-1;EJERCICIO "EJERCICIO" true true false 10 Long 0 10,First,#,PSA_2022_2025_TLE_CCL_CuencaLS,EJERCICIO,-1,-1;GERENCIA "GERENCIA" true true false 254 Text 0 0,First,#,PSA_2022_2025_TLE_CCL_CuencaLS,GERENCIA,0,253" #</Process><Process ToolSource="c:\program files\arcgis\pro\Resources\ArcToolbox\toolboxes\Conversion Tools.tbx\ExportFeatures" Date="20260204" Time="164633">ExportFeatures PSA_CLS_VIG C:\Geoportal_CONAFOR\Monitor_Lerma_Santiago\Pruebas\PSA_FEB_2026.shp # NOT_USE_ALIAS "FOL_PROG "FOL_PROG" true true false 254 Text 0 0,First,#,PSA_CLS_VIG,FOL_PROG,0,253;CVE_EDO "CVE_EDO" true true false 10 Long 0 10,First,#,PSA_CLS_VIG,CVE_EDO,-1,-1;ESTADO "ESTADO" true true false 254 Text 0 0,First,#,PSA_CLS_VIG,ESTADO,0,253;MUNICIPIO "MUNICIPIO" true true false 254 Text 0 0,First,#,PSA_CLS_VIG,MUNICIPIO,0,253;SOLICITANT "SOLICITANT" true true false 254 Text 0 0,First,#,PSA_CLS_VIG,SOLICITANT,0,253;TIPO_PROP "TIPO_PROP" true true false 254 Text 0 0,First,#,PSA_CLS_VIG,TIPO_PROP,0,253;CONCEPTO "CONCEPTO" true true false 254 Text 0 0,First,#,PSA_CLS_VIG,CONCEPTO,0,253;ESQUEMA "ESQUEMA" true true false 254 Text 0 0,First,#,PSA_CLS_VIG,ESQUEMA,0,253;SUP_HA "SUP_HA" true true false 19 Double 0 0,First,#,PSA_CLS_VIG,SUP_HA,-1,-1;MONTO_CNF "MONTO_CNF" true true false 19 Double 0 0,First,#,PSA_CLS_VIG,MONTO_CNF,-1,-1;MONTO_PI "MONTO_PI" true true false 19 Double 0 0,First,#,PSA_CLS_VIG,MONTO_PI,-1,-1;MONTO_TOT "MONTO_TOT" true true false 19 Double 0 0,First,#,PSA_CLS_VIG,MONTO_TOT,-1,-1;EJERCICIO "EJERCICIO" true true false 10 Long 0 10,First,#,PSA_CLS_VIG,EJERCICIO,-1,-1;GERENCIA "GERENCIA" true true false 254 Text 0 0,First,#,PSA_CLS_VIG,GERENCIA,0,253" #</Process></lineage></DataProperties><SyncDate>20260204</SyncDate><SyncTime>16463200</SyncTime><ModDate>20260204</ModDate><ModTime>16463200</ModTime></Esri><dataIdInfo><envirDesc Sync="TRUE">Microsoft Windows 10 Version 10.0 (Build 26100) ; Esri ArcGIS 13.4.0.55405</envirDesc><dataLang><languageCode value="spa" Sync="TRUE"></languageCode><countryCode value="MEX" Sync="TRUE"></countryCode></dataLang><idCitation><resTitle Sync="TRUE">PSA_FEB_2026</resTitle><presForm><PresFormCd value="005" Sync="TRUE"></PresFormCd></presForm></idCitation><spatRpType><SpatRepTypCd value="001" Sync="TRUE"></SpatRepTypCd></spatRpType></dataIdInfo><mdLang><languageCode value="spa" Sync="TRUE"></languageCode><countryCode value="MEX" Sync="TRUE"></countryCode></mdLang><mdChar><CharSetCd value="004" Sync="TRUE"></CharSetCd></mdChar><distInfo><distFormat><formatName Sync="TRUE">Shapefile</formatName></distFormat><distTranOps><transSize Sync="TRUE">0.000</transSize></distTranOps></distInfo><mdHrLv><ScopeCd value="005" Sync="TRUE"></ScopeCd></mdHrLv><mdHrLvName Sync="TRUE">dataset</mdHrLvName><refSysInfo><RefSystem><refSysID><identCode code="0" Sync="TRUE"></identCode></refSysID></RefSystem></refSysInfo><spatRepInfo><VectSpatRep><geometObjs Name="PSA_FEB_2026"><geoObjTyp><GeoObjTypCd value="002" Sync="TRUE"></GeoObjTypCd></geoObjTyp><geoObjCnt Sync="TRUE">0</geoObjCnt></geometObjs><topLvl><TopoLevCd value="001" Sync="TRUE"></TopoLevCd></topLvl></VectSpatRep></spatRepInfo><spdoinfo><ptvctinf><esriterm Name="PSA_FEB_2026"><efeatyp Sync="TRUE">Simple</efeatyp><efeageom code="4" Sync="TRUE"></efeageom><esritopo Sync="TRUE">FALSE</esritopo><efeacnt Sync="TRUE">0</efeacnt><spindex Sync="TRUE">FALSE</spindex><linrefer Sync="TRUE">FALSE</linrefer></esriterm></ptvctinf></spdoinfo><eainfo><detailed Name="PSA_FEB_2026"><enttyp><enttypl Sync="TRUE">PSA_FEB_2026</enttypl><enttypt Sync="TRUE">Feature Class</enttypt><enttypc Sync="TRUE">0</enttypc></enttyp><attr><attrlabl Sync="TRUE">FID</attrlabl><attalias Sync="TRUE">FID</attalias><attrtype Sync="TRUE">OID</attrtype><attwidth Sync="TRUE">4</attwidth><atprecis Sync="TRUE">0</atprecis><attscale Sync="TRUE">0</attscale><attrdef Sync="TRUE">Internal feature number.</attrdef><attrdefs Sync="TRUE">Esri</attrdefs><attrdomv><udom Sync="TRUE">Sequential unique whole numbers that are automatically generated.</udom></attrdomv></attr><attr><attrlabl Sync="TRUE">Shape</attrlabl><attalias Sync="TRUE">Shape</attalias><attrtype Sync="TRUE">Geometry</attrtype><attwidth Sync="TRUE">0</attwidth><atprecis Sync="TRUE">0</atprecis><attscale Sync="TRUE">0</attscale><attrdef Sync="TRUE">Feature geometry.</attrdef><attrdefs Sync="TRUE">Esri</attrdefs><attrdomv><udom Sync="TRUE">Coordinates defining the features.</udom></attrdomv></attr><attr><attrlabl Sync="TRUE">FOL_PROG</attrlabl><attalias Sync="TRUE">FOL_PROG</attalias><attrtype Sync="TRUE">String</attrtype><attwidth Sync="TRUE">254</attwidth><atprecis Sync="TRUE">0</atprecis><attscale Sync="TRUE">0</attscale></attr><attr><attrlabl Sync="TRUE">CVE_EDO</attrlabl><attalias Sync="TRUE">CVE_EDO</attalias><attrtype Sync="TRUE">Integer</attrtype><attwidth Sync="TRUE">10</attwidth><atprecis Sync="TRUE">10</atprecis><attscale Sync="TRUE">0</attscale></attr><attr><attrlabl Sync="TRUE">ESTADO</attrlabl><attalias Sync="TRUE">ESTADO</attalias><attrtype Sync="TRUE">String</attrtype><attwidth Sync="TRUE">254</attwidth><atprecis Sync="TRUE">0</atprecis><attscale Sync="TRUE">0</attscale></attr><attr><attrlabl Sync="TRUE">MUNICIPIO</attrlabl><attalias Sync="TRUE">MUNICIPIO</attalias><attrtype Sync="TRUE">String</attrtype><attwidth Sync="TRUE">254</attwidth><atprecis Sync="TRUE">0</atprecis><attscale Sync="TRUE">0</attscale></attr><attr><attrlabl Sync="TRUE">SOLICITANT</attrlabl><attalias Sync="TRUE">SOLICITANT</attalias><attrtype Sync="TRUE">String</attrtype><attwidth Sync="TRUE">254</attwidth><atprecis Sync="TRUE">0</atprecis><attscale Sync="TRUE">0</attscale></attr><attr><attrlabl Sync="TRUE">TIPO_PROP</attrlabl><attalias Sync="TRUE">TIPO_PROP</attalias><attrtype Sync="TRUE">String</attrtype><attwidth Sync="TRUE">254</attwidth><atprecis Sync="TRUE">0</atprecis><attscale Sync="TRUE">0</attscale></attr><attr><attrlabl Sync="TRUE">CONCEPTO</attrlabl><attalias Sync="TRUE">CONCEPTO</attalias><attrtype Sync="TRUE">String</attrtype><attwidth Sync="TRUE">254</attwidth><atprecis Sync="TRUE">0</atprecis><attscale Sync="TRUE">0</attscale></attr><attr><attrlabl Sync="TRUE">EJERCICIO</attrlabl><attalias Sync="TRUE">EJERCICIO</attalias><attrtype Sync="TRUE">Integer</attrtype><attwidth Sync="TRUE">10</attwidth><atprecis Sync="TRUE">10</atprecis><attscale Sync="TRUE">0</attscale></attr><attr><attrlabl Sync="TRUE">ESQUEMA</attrlabl><attalias Sync="TRUE">ESQUEMA</attalias><attrtype Sync="TRUE">String</attrtype><attwidth Sync="TRUE">254</attwidth><atprecis Sync="TRUE">0</atprecis><attscale Sync="TRUE">0</attscale></attr><attr><attrlabl Sync="TRUE">MONTO_CNF</attrlabl><attalias Sync="TRUE">MONTO_CNF</attalias><attrtype Sync="TRUE">Double</attrtype><attwidth Sync="TRUE">19</attwidth><atprecis Sync="TRUE">0</atprecis><attscale Sync="TRUE">0</attscale></attr><attr><attrlabl Sync="TRUE">MONTO_PI</attrlabl><attalias Sync="TRUE">MONTO_PI</attalias><attrtype Sync="TRUE">Double</attrtype><attwidth Sync="TRUE">19</attwidth><atprecis Sync="TRUE">0</atprecis><attscale Sync="TRUE">0</attscale></attr><attr><attrlabl Sync="TRUE">SUP_HA</attrlabl><attalias Sync="TRUE">SUP_HA</attalias><attrtype Sync="TRUE">Double</attrtype><attwidth Sync="TRUE">19</attwidth><atprecis Sync="TRUE">0</atprecis><attscale Sync="TRUE">0</attscale></attr><attr><attrlabl Sync="TRUE">MONTO_TOT</attrlabl><attalias Sync="TRUE">MONTO_TOT</attalias><attrtype Sync="TRUE">Double</attrtype><attwidth Sync="TRUE">19</attwidth><atprecis Sync="TRUE">0</atprecis><attscale Sync="TRUE">0</attscale></attr><attr><attrlabl Sync="TRUE">GERENCIA</attrlabl><attalias Sync="TRUE">GERENCIA</attalias><attrtype Sync="TRUE">String</attrtype><attwidth Sync="TRUE">254</attwidth><atprecis Sync="TRUE">0</atprecis><attscale Sync="TRUE">0</attscale></attr></detailed></eainfo><mdDateSt Sync="TRUE">20260204</mdDateSt></metadata>
