<metadata xml:lang="es"><Esri><CreaDate>20181211</CreaDate><CreaTime>12391800</CreaTime><ArcGISFormat>1.0</ArcGISFormat><SyncOnce>FALSE</SyncOnce><DataProperties><itemProps><itemName Sync="TRUE">CUST_FEB_2026b</itemName><imsContentType Sync="TRUE">002</imsContentType><itemLocation><linkage Sync="TRUE">file://\\DESKTOP-V34B825\C$\Geoportal_CONAFOR\Monitor_Lerma_Santiago\Pruebas\CUSTF\CUST_FEB_2026b.shp</linkage><protocol Sync="TRUE">Local Area Network</protocol></itemLocation><itemSize Sync="TRUE">0.000</itemSize></itemProps><coordRef><type Sync="TRUE">Geographic</type><geogcsn Sync="TRUE">GCS_WGS_1984</geogcsn><csUnits Sync="TRUE">Angular Unit: Degree (0.017453)</csUnits><peXml Sync="TRUE">&lt;GeographicCoordinateSystem xsi:type='typens:GeographicCoordinateSystem' xmlns:xsi='http://www.w3.org/2001/XMLSchema-instance' xmlns:xs='http://www.w3.org/2001/XMLSchema' xmlns:typens='http://www.esri.com/schemas/ArcGIS/3.4.0'&gt;&lt;WKT&gt;GEOGCS[&amp;quot;GCS_WGS_1984&amp;quot;,DATUM[&amp;quot;D_WGS_1984&amp;quot;,SPHEROID[&amp;quot;WGS_1984&amp;quot;,6378137.0,298.257223563]],PRIMEM[&amp;quot;Greenwich&amp;quot;,0.0],UNIT[&amp;quot;Degree&amp;quot;,0.0174532925199433],AUTHORITY[&amp;quot;EPSG&amp;quot;,4326]]&lt;/WKT&gt;&lt;XOrigin&gt;-400&lt;/XOrigin&gt;&lt;YOrigin&gt;-400&lt;/YOrigin&gt;&lt;XYScale&gt;11258999068426.238&lt;/XYScale&gt;&lt;ZOrigin&gt;-100000&lt;/ZOrigin&gt;&lt;ZScale&gt;10000&lt;/ZScale&gt;&lt;MOrigin&gt;-100000&lt;/MOrigin&gt;&lt;MScale&gt;10000&lt;/MScale&gt;&lt;XYTolerance&gt;8.983152841195215e-09&lt;/XYTolerance&gt;&lt;ZTolerance&gt;0.001&lt;/ZTolerance&gt;&lt;MTolerance&gt;0.001&lt;/MTolerance&gt;&lt;HighPrecision&gt;true&lt;/HighPrecision&gt;&lt;LeftLongitude&gt;-180&lt;/LeftLongitude&gt;&lt;WKID&gt;4326&lt;/WKID&gt;&lt;LatestWKID&gt;4326&lt;/LatestWKID&gt;&lt;/GeographicCoordinateSystem&gt;</peXml></coordRef><lineage><Process ToolSource="c:\program files (x86)\arcgis\desktop10.3\ArcToolbox\Toolboxes\Data Management Tools.tbx\CalculateField" Date="20180919" Time="114727">CalculateField CA_2017_09_18 Beneficiar [COMPENSADO] VB #</Process><Process ToolSource="c:\program files (x86)\arcgis\desktop10.3\ArcToolbox\Toolboxes\Data Management Tools.tbx\CalculateField" Date="20180919" Time="114844">CalculateField CA_2017_09_18 Beneficiar [COMPENSADO] VB #</Process><Process ToolSource="c:\program files (x86)\arcgis\desktop10.3\ArcToolbox\Toolboxes\Data Management Tools.tbx\CalculateField" Date="20180919" Time="114906">CalculateField CA_2017_09_18 Beneficiar [Nombre] VB #</Process><Process ToolSource="c:\program files (x86)\arcgis\desktop10.3\ArcToolbox\Toolboxes\Data Management Tools.tbx\CalculateField" Date="20180919" Time="115403">CalculateField CA_2017_09_18 F_SOLICIT [FOLIO] VB #</Process><Process ToolSource="c:\program files (x86)\arcgis\desktop10.3\ArcToolbox\Toolboxes\Data Management Tools.tbx\CalculateField" Date="20180920" Time="175341">CalculateField CA_2017_09_18 Beneficiar !Beneficiar!.upper() PYTHON_9.3 #</Process><Process ToolSource="c:\program files (x86)\arcgis\desktop10.3\ArcToolbox\Toolboxes\Data Management Tools.tbx\CalculateField" Date="20180920" Time="175403">CalculateField CA_2017_09_18 ESTADO !ESTADO!.upper() PYTHON_9.3 #</Process><Process ToolSource="c:\program files (x86)\arcgis\desktop10.3\ArcToolbox\Toolboxes\Data Management Tools.tbx\CalculateField" Date="20180920" Time="175434">CalculateField CA_2017_09_18 MUNICIPIO !MUNICIPIO!.upper() PYTHON_9.3 #</Process><Process ToolSource="c:\program files (x86)\arcgis\desktop10.3\ArcToolbox\Toolboxes\Data Management Tools.tbx\CalculateField" Date="20181211" Time="123252">CalculateField CA_2017_09_18_Merge FOLIO [F_SOLICIT] VB #</Process><Process ToolSource="c:\program files (x86)\arcgis\desktop10.3\ArcToolbox\Toolboxes\Data Management Tools.tbx\CalculateField" Date="20181211" Time="123301">CalculateField CA_2017_09_18_Merge Nombre [Beneficiar] VB #</Process><Process ToolSource="c:\program files (x86)\arcgis\desktop10.3\ArcToolbox\Toolboxes\Data Management Tools.tbx\CalculateField" Date="20181211" Time="123508">CalculateField CA_2017_09_18_Merge AÑO 2018 VB #</Process><Process ToolSource="c:\program files (x86)\arcgis\desktop10.3\ArcToolbox\Toolboxes\Data Management Tools.tbx\CalculateField" Date="20181211" Time="124220">CalculateField CA_2011-2018 FOLIO [F_SOLICIT] VB #</Process><Process ToolSource="c:\program files (x86)\arcgis\desktop10.3\ArcToolbox\Toolboxes\Data Management Tools.tbx\CalculateField" Date="20181211" Time="124233">CalculateField CA_2011-2018 Nombre [BENEFICIAR] VB #</Process><Process ToolSource="c:\program files (x86)\arcgis\desktop10.3\ArcToolbox\Toolboxes\Data Management Tools.tbx\CalculateField" Date="20181211" Time="124446">CalculateField CA_2011-2018 FOLIO [Folio_Soli] VB #</Process><Process ToolSource="c:\program files (x86)\arcgis\desktop10.3\ArcToolbox\Toolboxes\Data Management Tools.tbx\CalculateField" Date="20181211" Time="124508">CalculateField CA_2011-2018 SUP_ASIG [Superfic_1] VB #</Process><Process ToolSource="c:\program files (x86)\arcgis\desktop10.3\ArcToolbox\Toolboxes\Data Management Tools.tbx\CalculateField" Date="20181211" Time="125917">CalculateField CA_2011-2018 SUPERFICIE [SUP_ASIG] VB #</Process><Process ToolSource="c:\program files (x86)\arcgis\desktop10.3\ArcToolbox\Toolboxes\Data Management Tools.tbx\CalculateField" Date="20181211" Time="130024">CalculateField CA_2011-2018 SUPERFICIE [SUP_ASIG] VB #</Process><Process ToolSource="c:\program files (x86)\arcgis\desktop10.3\ArcToolbox\Toolboxes\Data Management Tools.tbx\CalculateField" Date="20181211" Time="130109">CalculateField CA_2011-2018 PROGRAMA "COMPENSACION AMBIENTAL" VB #</Process><Process ToolSource="c:\program files (x86)\arcgis\desktop10.3\ArcToolbox\Toolboxes\Data Management Tools.tbx\CalculateField" Date="20181211" Time="130124">CalculateField CA_2011-2018 PROGRAMA "COMPENSACION AMBIENTAL" VB #</Process><Process ToolSource="c:\program files (x86)\arcgis\desktop10.2\ArcToolbox\Toolboxes\Data Management Tools.tbx\CalculateField" Date="20181211" Time="132841">CalculateField CA_2010_2018 Nombre [FOLIO] VB #</Process><Process ToolSource="c:\program files (x86)\arcgis\desktop10.2\ArcToolbox\Toolboxes\Data Management Tools.tbx\CalculateField" Date="20181211" Time="132920">CalculateField CA_2010_2018 FOLIO "" VB #</Process><Process ToolSource="c:\program files (x86)\arcgis\desktop10.2\ArcToolbox\Toolboxes\Data Management Tools.tbx\CalculateField" Date="20181211" Time="133358">CalculateField CA_2010_2018 FOLIO_SOL [FOLIO] VB #</Process><Process ToolSource="c:\program files (x86)\arcgis\desktop10.2\ArcToolbox\Toolboxes\Data Management Tools.tbx\CalculateField" Date="20181211" Time="133627">CalculateField CA_2010_2018 ENTIDAD [ESTADO] VB #</Process><Process Name="Add Field (8)" ToolSource="c:\program files (x86)\arcgis\desktop10.2\ArcToolbox\Toolboxes\Data Management Tools.tbx\AddField" Date="20181211" Time="133651">AddField CA_2010_2018 REPORTE_ID DOUBLE # # # # NON_NULLABLE NON_REQUIRED #</Process><Process Name="Add Field (3)" ToolSource="c:\program files (x86)\arcgis\desktop10.2\ArcToolbox\Toolboxes\Data Management Tools.tbx\AddField" Date="20181211" Time="133652">AddField CA_2010_2018 ESTADO TEXT # # 20 # NON_NULLABLE NON_REQUIRED #</Process><Process Name="Add Field (7)" ToolSource="c:\program files (x86)\arcgis\desktop10.2\ArcToolbox\Toolboxes\Data Management Tools.tbx\AddField" Date="20181211" Time="133652">AddField CA_2010_2018 Obs TEXT # # 50 # NON_NULLABLE NON_REQUIRED #</Process><Process Name="Add Field (9)" ToolSource="c:\program files (x86)\arcgis\desktop10.2\ArcToolbox\Toolboxes\Data Management Tools.tbx\AddField" Date="20181211" Time="133652">AddField CA_2010_2018 Fecha DATE # # # # NON_NULLABLE NON_REQUIRED #</Process><Process Name="Calculate Field (4)" ToolSource="c:\program files (x86)\arcgis\desktop10.2\ArcToolbox\Toolboxes\Data Management Tools.tbx\CalculateField" Date="20181211" Time="133653">CalculateField CA_2010_2018 Fecha "Now (  )" VB #</Process><Process Name="Add Field (4)" ToolSource="c:\program files (x86)\arcgis\desktop10.2\ArcToolbox\Toolboxes\Data Management Tools.tbx\AddField" Date="20181211" Time="133654">AddField CA_2010_2018 SUBCATEGOR TEXT # # 100 # NON_NULLABLE NON_REQUIRED #</Process><Process Name="Calculate Field (5)" ToolSource="c:\program files (x86)\arcgis\desktop10.2\ArcToolbox\Toolboxes\Data Management Tools.tbx\CalculateField" Date="20181211" Time="133655">CalculateField CA_2010_2018 SUBCATEGOR "RF.1.1 CONSERVACION Y RESTAURACION DE SUELOS 2018" VB #</Process><Process Name="Add Field (2)" ToolSource="c:\program files (x86)\arcgis\desktop10.2\ArcToolbox\Toolboxes\Data Management Tools.tbx\AddField" Date="20181211" Time="133655">AddField CA_2010_2018 SOLICITUD_ TEXT # # 16 # NON_NULLABLE NON_REQUIRED #</Process><Process Name="Calculate Field (2)" ToolSource="c:\program files (x86)\arcgis\desktop10.2\ArcToolbox\Toolboxes\Data Management Tools.tbx\CalculateField" Date="20181211" Time="133657">CalculateField CA_2010_2018 SOLICITUD_ [FOLIO_SOL] VB #</Process><Process Name="Add Field (10)" ToolSource="c:\program files (x86)\arcgis\desktop10.2\ArcToolbox\Toolboxes\Data Management Tools.tbx\AddField" Date="20181211" Time="133657">AddField CA_2010_2018 APOYO_ TEXT # # 16 # NON_NULLABLE NON_REQUIRED #</Process><Process Name="Calculate Field (3)" ToolSource="c:\program files (x86)\arcgis\desktop10.2\ArcToolbox\Toolboxes\Data Management Tools.tbx\CalculateField" Date="20181211" Time="133658">CalculateField CA_2010_2018 APOYO_ [FOLIO_APOY] VB #</Process><Process Name="Repair Geometry" ToolSource="C:\Arcviewproyect\zMios2017.tbx\RepairGeometry" Date="20181211" Time="133712">RepairGeometry CA_2010_2018 DELETE_NULL</Process><Process Name="Add Field (11)" ToolSource="c:\program files (x86)\arcgis\desktop10.2\ArcToolbox\Toolboxes\Data Management Tools.tbx\AddField" Date="20181211" Time="133712">AddField CA_2010_2018 AREA_E TEXT # # 254 # NON_NULLABLE NON_REQUIRED #</Process><Process Name="Calculate Field (6)" ToolSource="c:\program files (x86)\arcgis\desktop10.2\ArcToolbox\Toolboxes\Data Management Tools.tbx\CalculateField" Date="20181211" Time="133713">CalculateField CA_2010_2018 AREA_E "" VB #</Process><Process Name="Add Field (5)" ToolSource="c:\program files (x86)\arcgis\desktop10.2\ArcToolbox\Toolboxes\Data Management Tools.tbx\AddField" Date="20181211" Time="133714">AddField CA_2010_2018 CAL_SUP DOUBLE # # # # NON_NULLABLE NON_REQUIRED #</Process><Process Name="Calculate Field (7)" ToolSource="c:\program files (x86)\arcgis\desktop10.2\ArcToolbox\Toolboxes\Data Management Tools.tbx\CalculateField" Date="20181211" Time="133740">CalculateField CA_2010_2018 CAL_SUP !shape.area@meter! PYTHON_9.3 #</Process><Process Name="Add Field (6)" ToolSource="c:\program files (x86)\arcgis\desktop10.2\ArcToolbox\Toolboxes\Data Management Tools.tbx\AddField" Date="20181211" Time="133740">AddField CA_2010_2018 HECTAREAS DOUBLE # # # # NON_NULLABLE NON_REQUIRED #</Process><Process Name="Calculate Field (8)" ToolSource="c:\program files (x86)\arcgis\desktop10.2\ArcToolbox\Toolboxes\Data Management Tools.tbx\CalculateField" Date="20181211" Time="133742">CalculateField CA_2010_2018 HECTAREAS [CAL_SUP]/10000 VB #</Process><Process ToolSource="c:\program files (x86)\arcgis\desktop10.2\ArcToolbox\Toolboxes\Data Management Tools.tbx\CalculateField" Date="20181211" Time="133809">CalculateField CA_2010_2018 ESTADO [ENTIDAD] VB #</Process><Process ToolSource="c:\program files (x86)\arcgis\desktop10.2\ArcToolbox\Toolboxes\Data Management Tools.tbx\CalculateField" Date="20181211" Time="134815">CalculateField CA_2010_2018 PROGRAMA "COMPENSACION AMBIENTAL" VB #</Process><Process ToolSource="c:\program files (x86)\arcgis\desktop10.2\ArcToolbox\Toolboxes\Data Management Tools.tbx\CalculateField" Date="20181211" Time="134853">CalculateField CA_2010_2018 SUBCATEGOR "COMPENSACION AMBIENTAL" VB #</Process><Process ToolSource="c:\program files (x86)\arcgis\desktop10.2\ArcToolbox\Toolboxes\Data Management Tools.tbx\CalculateField" Date="20181211" Time="134918">CalculateField CA_2010_2018 SOLICITUD_ [FOLIO_SOL] VB #</Process><Process ToolSource="c:\program files (x86)\arcgis\desktop10.2\ArcToolbox\Toolboxes\Data Management Tools.tbx\CalculateField" Date="20181211" Time="135922">CalculateField CA_2010_2018 ESTADO "SONORA" VB #</Process><Process ToolSource="c:\program files (x86)\arcgis\desktop10.2\ArcToolbox\Toolboxes\Data Management Tools.tbx\CalculateField" Date="20181211" Time="160720">CalculateField CA_2010_2018 NOMBRE_BEN [Nombre] VB #</Process><Process ToolSource="C:\Arcviewproyect\zMios2018.tbx\RepairGeometry" Date="20181211" Time="170343">RepairGeometry Restauracion_2010_2017 DELETE_NULL</Process><Process ToolSource="c:\program files (x86)\arcgis\desktop10.2\ArcToolbox\Toolboxes\Data Management Tools.tbx\CalculateField" Date="20181211" Time="170522">CalculateField Restauracion_2010_2017 HECTAREAS "Abs ( [CAL_SUP] /10000 )" VB #</Process><Process ToolSource="C:\Arcviewproyect\zMios2018.tbx\Merge" Date="20181219" Time="163045">Merge Restauracion_2010_2017;Finiquitos2018_revision "C:\Arcviewproyect\Fichas\PRONAFOR_2018\Proyectos 2010 2018\Restauración 2010 2018\Restauracion_2010_2018.shp" "AÑO "AÑO" true true false 4 Text 0 0 ,First,#,Restauracion_2010_2017,AÑO,-1,-1;REPORTE_ID "REPORTE_ID" true true false 19 Double 0 0 ,First,#,Restauracion_2010_2017,REPORTE_ID,-1,-1,Finiquitos2018_revision,REPORTE_ID,-1,-1;ESTADO "ESTADO" true true false 20 Text 0 0 ,First,#,Restauracion_2010_2017,ESTADO,-1,-1,Finiquitos2018_revision,ESTADO,-1,-1;Obs "Obs" true true false 50 Text 0 0 ,First,#,Restauracion_2010_2017,Obs,-1,-1,Finiquitos2018_revision,Obs,-1,-1;Fecha "Fecha" true true false 8 Date 0 0 ,First,#,Restauracion_2010_2017,Fecha,-1,-1,Finiquitos2018_revision,FECHA,-1,-1;SUBCATEGOR "SUBCATEGOR" true true false 100 Text 0 0 ,First,#,Restauracion_2010_2017,SUBCATEGOR,-1,-1,Finiquitos2018_revision,SUBCATEGOR,-1,-1;SOLICITUD_ "SOLICITUD_" true true false 16 Text 0 0 ,First,#,Restauracion_2010_2017,SOLICITUD_,-1,-1,Finiquitos2018_revision,SOLICITUD_,-1,-1;APOYO_ "APOYO_" true true false 16 Text 0 0 ,First,#,Restauracion_2010_2017,APOYO_,-1,-1,Finiquitos2018_revision,APOYO_,-1,-1;AREA_E "AREA_E" true true false 254 Text 0 0 ,First,#,Restauracion_2010_2017,AREA_E,-1,-1,Finiquitos2018_revision,AREA_E,-1,-1;CAL_SUP "CAL_SUP" true true false 19 Double 0 0 ,First,#,Restauracion_2010_2017,CAL_SUP,-1,-1,Finiquitos2018_revision,CAL_SUP,-1,-1;HECTAREAS "HECTAREAS" true true false 19 Double 0 0 ,First,#,Restauracion_2010_2017,HECTAREAS,-1,-1,Finiquitos2018_revision,HECTAREAS,-1,-1;NOMBRE_BEN "NOMBRE_BEN" true true false 254 Text 0 0 ,First,#,Restauracion_2010_2017,NOMBRE_BEN,-1,-1;NO_POLIGON "NO_POLIGON" true true false 19 Double 0 0 ,First,#,Restauracion_2010_2017,NO_POLIGON,-1,-1,Finiquitos2018_revision,NO_POLIGON,-1,-1"</Process><Process ToolSource="c:\program files (x86)\arcgis\desktop10.2\ArcToolbox\Toolboxes\Data Management Tools.tbx\CalculateField" Date="20190527" Time="175441">CalculateField Restauracion_2010_2018 SUBCATEGOR "B1.4 CONSERVACION Y RESTAURACION DE SUELOS 2011" VB #</Process><Process ToolSource="c:\program files (x86)\arcgis\desktop10.2\ArcToolbox\Toolboxes\Data Management Tools.tbx\CalculateField" Date="20190527" Time="175715">CalculateField Restauracion_2010_2018 SUBCATEGOR "B1.4 CONSERVACION Y RESTAURACION DE SUELOS 2010" VB #</Process><Process ToolSource="c:\program files (x86)\arcgis\desktop10.2\ArcToolbox\Toolboxes\Data Management Tools.tbx\CalculateField" Date="20190527" Time="180048">CalculateField Restauracion_2010_2018 SUBCATEGOR "B1.4 CONSERVACION Y RESTAURACION DE SUELOS 2010" VB #</Process><Process ToolSource="c:\program files (x86)\arcgis\desktop10.2\ArcToolbox\Toolboxes\Data Management Tools.tbx\CalculateField" Date="20190527" Time="180318">CalculateField Restauracion_2010_2018 SUBCATEGOR "B1.4 CONSERVACION Y RESTAURACION DE SUELOS 2011" VB #</Process><Process ToolSource="c:\program files (x86)\arcgis\desktop10.2\ArcToolbox\Toolboxes\Data Management Tools.tbx\CalculateField" Date="20190527" Time="180630">CalculateField Restauracion_2010_2018 SUBCATEGOR "CHICHINAUTZIN" VB #</Process><Process ToolSource="c:\program files (x86)\arcgis\desktop10.2\ArcToolbox\Toolboxes\Data Management Tools.tbx\CalculateField" Date="20190527" Time="180807">CalculateField Restauracion_2010_2018 SUBCATEGOR "COFRE DE PEROTE" VB #</Process><Process ToolSource="c:\program files (x86)\arcgis\desktop10.2\ArcToolbox\Toolboxes\Data Management Tools.tbx\CalculateField" Date="20190527" Time="181226">CalculateField Restauracion_2010_2018 SUBCATEGOR "CUTZAMALA LA MARQUESA" VB #</Process><Process ToolSource="c:\program files (x86)\arcgis\desktop10.2\ArcToolbox\Toolboxes\Data Management Tools.tbx\CalculateField" Date="20190527" Time="181424">CalculateField Restauracion_2010_2018 SUBCATEGOR "IZTA POPO" VB #</Process><Process ToolSource="c:\program files (x86)\arcgis\desktop10.2\ArcToolbox\Toolboxes\Data Management Tools.tbx\CalculateField" Date="20190527" Time="181533">CalculateField Restauracion_2010_2018 SUBCATEGOR "LERMA CHAPALA" VB #</Process><Process ToolSource="c:\program files (x86)\arcgis\desktop10.2\ArcToolbox\Toolboxes\Data Management Tools.tbx\CalculateField" Date="20190527" Time="181659">CalculateField Restauracion_2010_2018 SUBCATEGOR "MESETA PUREPECHA" VB #</Process><Process ToolSource="c:\program files (x86)\arcgis\desktop10.2\ArcToolbox\Toolboxes\Data Management Tools.tbx\CalculateField" Date="20190527" Time="181836">CalculateField Restauracion_2010_2018 SUBCATEGOR "NEVADO DE TOLUCA" VB #</Process><Process ToolSource="c:\program files (x86)\arcgis\desktop10.2\ArcToolbox\Toolboxes\Data Management Tools.tbx\CalculateField" Date="20190527" Time="182007">CalculateField Restauracion_2010_2018 SUBCATEGOR "PATZCUARO ZIRAHUEN" VB #</Process><Process ToolSource="c:\program files (x86)\arcgis\desktop10.2\ArcToolbox\Toolboxes\Data Management Tools.tbx\CalculateField" Date="20190528" Time="141426">CalculateField Restauracion_2010_2018 SUBCATEGOR "COFRE DE PEROTE" VB #</Process><Process ToolSource="c:\program files (x86)\arcgis\desktop10.2\ArcToolbox\Toolboxes\Data Management Tools.tbx\CalculateField" Date="20190528" Time="141819">CalculateField Restauracion_2010_2018 SUBCATEGOR "PE NEVADO DE TOLUCA" VB #</Process><Process ToolSource="c:\program files (x86)\arcgis\desktop10.2\ArcToolbox\Toolboxes\Data Management Tools.tbx\CalculateField" Date="20190528" Time="141937">CalculateField Restauracion_2010_2018 SUBCATEGOR "PE TABASCO" VB #</Process><Process ToolSource="c:\program files (x86)\arcgis\desktop10.2\ArcToolbox\Toolboxes\Data Management Tools.tbx\CalculateField" Date="20190528" Time="142046">CalculateField Restauracion_2010_2018 SUBCATEGOR "PE TABASCO CHIAPAS" VB #</Process><Process ToolSource="c:\program files (x86)\arcgis\desktop10.2\ArcToolbox\Toolboxes\Data Management Tools.tbx\CalculateField" Date="20190528" Time="142059">CalculateField Restauracion_2010_2018 SUBCATEGOR "PE TABASCO CHIAPAS" VB #</Process><Process ToolSource="c:\program files (x86)\arcgis\desktop10.2\ArcToolbox\Toolboxes\Data Management Tools.tbx\CalculateField" Date="20190528" Time="142149">CalculateField Restauracion_2010_2018 SUBCATEGOR "PICO DE ORIZABA" VB #</Process><Process ToolSource="c:\program files (x86)\arcgis\desktop10.2\ArcToolbox\Toolboxes\Data Management Tools.tbx\CalculateField" Date="20190528" Time="142537">CalculateField Restauracion_2010_2018 SUBCATEGOR "REFORESTACION" VB #</Process><Process ToolSource="c:\program files (x86)\arcgis\desktop10.2\ArcToolbox\Toolboxes\Data Management Tools.tbx\CalculateField" Date="20190528" Time="142637">CalculateField Restauracion_2010_2018 SUBCATEGOR "REFORESTACION" VB #</Process><Process ToolSource="c:\program files (x86)\arcgis\desktop10.2\ArcToolbox\Toolboxes\Data Management Tools.tbx\CalculateField" Date="20190528" Time="143243">CalculateField Restauracion_2010_2018 SUBCATEGOR "REFORESTACION" VB #</Process><Process ToolSource="c:\program files (x86)\arcgis\desktop10.2\ArcToolbox\Toolboxes\Data Management Tools.tbx\CalculateField" Date="20190528" Time="143733">CalculateField Restauracion_2010_2018 SUBCATEGOR "RIO VERDE GRANDE" VB #</Process><Process ToolSource="c:\program files (x86)\arcgis\desktop10.2\ArcToolbox\Toolboxes\Data Management Tools.tbx\CalculateField" Date="20190528" Time="143811">CalculateField Restauracion_2010_2018 SUBCATEGOR "ZONA TARAHUMARA" VB #</Process><Process ToolSource="c:\program files (x86)\arcgis\desktop10.2\ArcToolbox\Toolboxes\Data Management Tools.tbx\CalculateField" Date="20190528" Time="144241">CalculateField Restauracion_2010_2018 SUBCATEGOR "RF.1.1 CONSERVACION Y RESTAURACION DE SUELOS 2014" VB #</Process><Process ToolSource="c:\program files (x86)\arcgis\desktop10.2\ArcToolbox\Toolboxes\Data Management Tools.tbx\CalculateField" Date="20190528" Time="144648">CalculateField Restauracion_2010_2018 SUBCATEGOR "RF.2.1 CONSERVACION Y RESTAURACION DE SUELOS 2014" VB #</Process><Process ToolSource="c:\program files (x86)\arcgis\desktop10.2\ArcToolbox\Toolboxes\Data Management Tools.tbx\CalculateField" Date="20190528" Time="145019">CalculateField Restauracion_2010_2018 SUBCATEGOR "PE TABASCO CHIAPAS" VB #</Process><Process ToolSource="c:\program files (x86)\arcgis\desktop10.2\ArcToolbox\Toolboxes\Data Management Tools.tbx\CalculateField" Date="20190528" Time="145102">CalculateField Restauracion_2010_2018 SUBCATEGOR "PE TABASCO CHIAPAS" VB #</Process><Process ToolSource="c:\program files (x86)\arcgis\desktop10.2\ArcToolbox\Toolboxes\Data Management Tools.tbx\CalculateField" Date="20190528" Time="145703">CalculateField Restauracion_2010_2018 SUBCATEGOR "PE NEVADO DE TOLUCA" VB #</Process><Process ToolSource="c:\program files (x86)\arcgis\desktop10.2\ArcToolbox\Toolboxes\Data Management Tools.tbx\CalculateField" Date="20190528" Time="145811">CalculateField Restauracion_2010_2018 SUBCATEGOR "PE TABASCO CHIAPAS" VB #</Process><Process ToolSource="c:\program files (x86)\arcgis\desktop10.2\ArcToolbox\Toolboxes\Data Management Tools.tbx\CalculateField" Date="20190528" Time="145952">CalculateField Restauracion_2010_2018 SUBCATEGOR "RF1.1 CONSERVACION Y RESTAURACION DE SUELOS 2014" VB #</Process><Process ToolSource="c:\program files (x86)\arcgis\desktop10.2\ArcToolbox\Toolboxes\Data Management Tools.tbx\CalculateField" Date="20190528" Time="150250">CalculateField Restauracion_2010_2018 SUBCATEGOR "RF.1.1 CONSERVACION Y RESTAURACION DE SUELOS 2014" VB #</Process><Process ToolSource="c:\program files (x86)\arcgis\desktop10.2\ArcToolbox\Toolboxes\Data Management Tools.tbx\CalculateField" Date="20190529" Time="124610">CalculateField Restauracion_2010_2018 REPORTE_ID 12.1 VB #</Process><Process ToolSource="c:\program files (x86)\arcgis\desktop10.2\ArcToolbox\Toolboxes\Data Management Tools.tbx\CalculateField" Date="20190529" Time="124739">CalculateField Restauracion_2010_2018 REPORTE_ID 0 VB #</Process><Process ToolSource="c:\program files (x86)\arcgis\desktop10.2\ArcToolbox\Toolboxes\Data Management Tools.tbx\CalculateField" Date="20190529" Time="130255">CalculateField Restauracion_2010_2018 REPORTE_ID 0.000001 VB #</Process><Process ToolSource="c:\program files (x86)\arcgis\desktop10.2\ArcToolbox\Toolboxes\Data Management Tools.tbx\CalculateField" Date="20190529" Time="130311">CalculateField Restauracion_2010_2018 REPORTE_ID 0.0000021 VB #</Process><Process ToolSource="c:\program files (x86)\arcgis\desktop10.2\ArcToolbox\Toolboxes\Data Management Tools.tbx\CalculateField" Date="20190529" Time="130331">CalculateField Restauracion_2010_2018 REPORTE_ID 0.00000 VB #</Process><Process ToolSource="c:\program files (x86)\arcgis\desktop10.2\ArcToolbox\Toolboxes\Data Management Tools.tbx\CalculateField" Date="20190813" Time="121044">CalculateField Restauracion_2010_2018 Obs "T justificado 27032019 renviado el 120819 Javier M" VB #</Process><Process ToolSource="c:\program files (x86)\arcgis\desktop10.2\ArcToolbox\Toolboxes\Data Management Tools.tbx\CalculateField" Date="20190925" Time="102337">CalculateField Restauracion_2010_2018 Suel_Refo "Si" VB #</Process><Process ToolSource="c:\program files\arcgis\pro\Resources\ArcToolbox\toolboxes\Conversion Tools.tbx\ExportFeatures" Date="20260205" Time="114456">ExportFeatures Jal2010_2018 C:\Users\christian.rojas\AppData\Local\Temp\ArcGISProTemp4948\Untitled\Default.gdb\Jal2010_2018_ExportFeatures # NOT_USE_ALIAS "AÑO "AÑO" true true false 4 Text 0 0,First,#,Jal2010_2018,AÑO,0,3;REPORTE_ID "REPORTE_ID" true true false 19 Double 0 0,First,#,Jal2010_2018,REPORTE_ID,-1,-1;ESTADO "ESTADO" true true false 20 Text 0 0,First,#,Jal2010_2018,ESTADO,0,19;Obs "Obs" true true false 50 Text 0 0,First,#,Jal2010_2018,Obs,0,49;Fecha "Fecha" true true false 8 Date 0 0,First,#,Jal2010_2018,Fecha,-1,-1;SUBCATEGOR "SUBCATEGOR" true true false 100 Text 0 0,First,#,Jal2010_2018,SUBCATEGOR,0,99;SOLICITUD_ "SOLICITUD_" true true false 16 Text 0 0,First,#,Jal2010_2018,SOLICITUD_,0,15;APOYO_ "APOYO_" true true false 16 Text 0 0,First,#,Jal2010_2018,APOYO_,0,15;AREA_E "AREA_E" true true false 254 Text 0 0,First,#,Jal2010_2018,AREA_E,0,253;CAL_SUP "CAL_SUP" true true false 19 Double 0 0,First,#,Jal2010_2018,CAL_SUP,-1,-1;HECTAREAS "HECTAREAS" true true false 19 Double 0 0,First,#,Jal2010_2018,HECTAREAS,-1,-1;NOMBRE_BEN "NOMBRE_BEN" true true false 254 Text 0 0,First,#,Jal2010_2018,NOMBRE_BEN,0,253;Suel_Refo "Suel_Refo" true true false 50 Text 0 0,First,#,Jal2010_2018,Suel_Refo,0,49" #</Process><Process ToolSource="c:\program files\arcgis\pro\Resources\ArcToolbox\toolboxes\Conversion Tools.tbx\ExportFeatures" Date="20260205" Time="114637">ExportFeatures Jal2010_2018_ExportFeatures "D:\Proy Compe_Cuenca Lerma Santiago\CUST.shp" # NOT_USE_ALIAS "AÑO "AÑO" true true false 4 Text 0 0,First,#,Jal2010_2018_ExportFeatures,AÑO,0,3;REPORTE_ID "REPORTE_ID" true true false 8 Double 0 0,First,#,Jal2010_2018_ExportFeatures,REPORTE_ID,-1,-1;ESTADO "ESTADO" true true false 20 Text 0 0,First,#,Jal2010_2018_ExportFeatures,ESTADO,0,19;Obs "Obs" true true false 50 Text 0 0,First,#,Jal2010_2018_ExportFeatures,Obs,0,49;Fecha "Fecha" true true false 8 Date 0 0,First,#,Jal2010_2018_ExportFeatures,Fecha,-1,-1;SUBCATEGOR "SUBCATEGOR" true true false 100 Text 0 0,First,#,Jal2010_2018_ExportFeatures,SUBCATEGOR,0,99;SOLICITUD_ "SOLICITUD_" true true false 16 Text 0 0,First,#,Jal2010_2018_ExportFeatures,SOLICITUD_,0,15;APOYO_ "APOYO_" true true false 16 Text 0 0,First,#,Jal2010_2018_ExportFeatures,APOYO_,0,15;AREA_E "AREA_E" true true false 254 Text 0 0,First,#,Jal2010_2018_ExportFeatures,AREA_E,0,253;CAL_SUP "CAL_SUP" true true false 8 Double 0 0,First,#,Jal2010_2018_ExportFeatures,CAL_SUP,-1,-1;HECTAREAS "HECTAREAS" true true false 8 Double 0 0,First,#,Jal2010_2018_ExportFeatures,HECTAREAS,-1,-1;NOMBRE_BEN "NOMBRE_BEN" true true false 254 Text 0 0,First,#,Jal2010_2018_ExportFeatures,NOMBRE_BEN,0,253;Suel_Refo "Suel_Refo" true true false 50 Text 0 0,First,#,Jal2010_2018_ExportFeatures,Suel_Refo,0,49;Shape_Length "Shape_Length" false true true 8 Double 0 0,First,#,Jal2010_2018_ExportFeatures,Shape_Length,-1,-1;Shape_Area "Shape_Area" false true true 8 Double 0 0,First,#,Jal2010_2018_ExportFeatures,Shape_Area,-1,-1" #</Process><Process ToolSource="c:\program files\arcgis\pro\Resources\ArcToolbox\toolboxes\Conversion Tools.tbx\ExportFeatures" Date="20260205" Time="115606">ExportFeatures CUST C:\Geoportal_CONAFOR\Monitor_Lerma_Santiago\Pruebas\CUSTF\CUST_FEB_2026.shp # NOT_USE_ALIAS "AÑO "AÑO" true true false 4 Text 0 0,First,#,CUST,AÑO,0,3;REPORTE_ID "REPORTE_ID" true true false 19 Double 0 0,First,#,CUST,REPORTE_ID,-1,-1;ESTADO "ESTADO" true true false 20 Text 0 0,First,#,CUST,ESTADO,0,19;Obs "Obs" true true false 50 Text 0 0,First,#,CUST,Obs,0,49;Fecha "Fecha" true true false 8 Date 0 0,First,#,CUST,Fecha,-1,-1;SUBCATEGOR "SUBCATEGOR" true true false 100 Text 0 0,First,#,CUST,SUBCATEGOR,0,99;SOLICITUD_ "SOLICITUD_" true true false 16 Text 0 0,First,#,CUST,SOLICITUD_,0,15;APOYO_ "APOYO_" true true false 16 Text 0 0,First,#,CUST,APOYO_,0,15;AREA_E "AREA_E" true true false 254 Text 0 0,First,#,CUST,AREA_E,0,253;CAL_SUP "CAL_SUP" true true false 19 Double 0 0,First,#,CUST,CAL_SUP,-1,-1;HECTAREAS "HECTAREAS" true true false 19 Double 0 0,First,#,CUST,HECTAREAS,-1,-1;NOMBRE_BEN "NOMBRE_BEN" true true false 254 Text 0 0,First,#,CUST,NOMBRE_BEN,0,253;Suel_Refo "Suel_Refo" true true false 50 Text 0 0,First,#,CUST,Suel_Refo,0,49;Shape_Leng "Shape_Leng" true true false 19 Double 0 0,First,#,CUST,Shape_Leng,-1,-1;Shape_Area "Shape_Area" true true false 19 Double 0 0,First,#,CUST,Shape_Area,-1,-1" #</Process><Process ToolSource="c:\program files\arcgis\pro\Resources\ArcToolbox\toolboxes\Data Management Tools.tbx\DeleteField" Date="20260205" Time="131922">DeleteField CUST_FEB_2026 AÑO;REPORTE_ID;ESTADO;Obs;Fecha;SUBCATEGOR;APOYO_;AREA_E;CAL_SUP;HECTAREAS;NOMBRE_BEN;Suel_Refo;Shape_Leng;Shape_Area DELETE_FIELDS</Process><Process ToolSource="c:\program files\arcgis\pro\Resources\ArcToolbox\toolboxes\Conversion Tools.tbx\ExportFeatures" Date="20260205" Time="132036">ExportFeatures CUST_FEB_2026 C:\Geoportal_CONAFOR\Monitor_Lerma_Santiago\Pruebas\CUSTF\CUST_FEB_2026b.shp # NOT_USE_ALIAS "SOLICITUD_ "SOLICITUD_" true true false 16 Text 0 0,First,#,CUST_FEB_2026,CUST_FEB_2026.SOLICITUD_,0,15;FOL_PROG "FOL_PROG" true true false 8000 Text 0 0,First,#,CUST_FEB_2026,CUST 2026.csv.FOL_PROG,0,7999;CVE_EDO "CVE_EDO" true true false 4 Long 0 0,First,#,CUST_FEB_2026,CUST 2026.csv.CVE_EDO,-1,-1;ESTADO "ESTADO" true true false 8000 Text 0 0,First,#,CUST_FEB_2026,CUST 2026.csv.ESTADO,0,7999;MUNICIPIO "MUNICIPIO" true true false 8000 Text 0 0,First,#,CUST_FEB_2026,CUST 2026.csv.MUNICIPIO,0,7999;SOLICITANT "SOLICITANT" true true false 8000 Text 0 0,First,#,CUST_FEB_2026,CUST 2026.csv.SOLICITANT,0,7999;TIPO_PROP "TIPO_PROP" true true false 8000 Text 0 0,First,#,CUST_FEB_2026,CUST 2026.csv.TIPO_PROP,0,7999;CONCEPTO "CONCEPTO" true true false 8000 Text 0 0,First,#,CUST_FEB_2026,CUST 2026.csv.CONCEPTO,0,7999;ESQUEMA "ESQUEMA" true true false 8000 Text 0 0,First,#,CUST_FEB_2026,CUST 2026.csv.ESQUEMA,0,7999;SUP_HA "SUP_HA" true true false 8 Double 0 0,First,#,CUST_FEB_2026,CUST 2026.csv.SUP_HA,-1,-1;MONTO_CNF "MONTO_CNF" true true false 8 Double 0 0,First,#,CUST_FEB_2026,CUST 2026.csv.MONTO_CNF,-1,-1;MONTO_PI "MONTO_PI" true true false 4 Long 0 0,First,#,CUST_FEB_2026,CUST 2026.csv.MONTO_PI,-1,-1;MONTO_TOT "MONTO_TOT" true true false 8 Double 0 0,First,#,CUST_FEB_2026,CUST 2026.csv.MONTO_TOT,-1,-1;EJERCICIO "EJERCICIO" true true false 4 Long 0 0,First,#,CUST_FEB_2026,CUST 2026.csv.EJERCICIO,-1,-1;GERENCIA "GERENCIA" true true false 8000 Text 0 0,First,#,CUST_FEB_2026,CUST 2026.csv.GERENCIA,0,7999" #</Process><Process ToolSource="c:\program files\arcgis\pro\Resources\ArcToolbox\toolboxes\Data Management Tools.tbx\Rename" Date="20260205" Time="132147">Rename C:\Geoportal_CONAFOR\Monitor_Lerma_Santiago\Pruebas\CUSTF\CUST_FEB_2026b.shp C:\Geoportal_CONAFOR\Monitor_Lerma_Santiago\Pruebas\CUSTF\CUST_FEB_2026.shp ShapeFile</Process><Process ToolSource="c:\program files\arcgis\pro\Resources\ArcToolbox\toolboxes\Data Management Tools.tbx\DeleteField" Date="20260205" Time="132200">DeleteField CUST_FEB_2026 SOLICITUD_ DELETE_FIELDS</Process></lineage></DataProperties><SyncDate>20260205</SyncDate><SyncTime>13203600</SyncTime><ModDate>20260205</ModDate><ModTime>13203600</ModTime></Esri><dataIdInfo><envirDesc Sync="TRUE">Microsoft Windows 10 Version 10.0 (Build 26100) ; Esri ArcGIS 13.4.0.55405</envirDesc><dataLang><languageCode value="spa" Sync="TRUE"></languageCode><countryCode value="MEX" Sync="TRUE"></countryCode></dataLang><idCitation><resTitle Sync="TRUE">CUST_FEB_2026b</resTitle><presForm><PresFormCd value="005" Sync="TRUE"></PresFormCd></presForm></idCitation><spatRpType><SpatRepTypCd value="001" Sync="TRUE"></SpatRepTypCd></spatRpType></dataIdInfo><mdLang><languageCode value="spa" Sync="TRUE"></languageCode><countryCode value="MEX" Sync="TRUE"></countryCode></mdLang><distInfo><distFormat><formatName Sync="TRUE">Shapefile</formatName></distFormat><distTranOps><transSize Sync="TRUE">0.000</transSize></distTranOps></distInfo><mdHrLv><ScopeCd value="005" Sync="TRUE"></ScopeCd></mdHrLv><mdHrLvName Sync="TRUE">dataset</mdHrLvName><refSysInfo><RefSystem><refSysID><identCode code="4326" Sync="TRUE"></identCode><idCodeSpace Sync="TRUE">EPSG</idCodeSpace><idVersion Sync="TRUE">6.2(3.0.1)</idVersion></refSysID></RefSystem></refSysInfo><spatRepInfo><VectSpatRep><geometObjs Name="CUST_FEB_2026b"><geoObjTyp><GeoObjTypCd value="002" Sync="TRUE"></GeoObjTypCd></geoObjTyp><geoObjCnt Sync="TRUE">0</geoObjCnt></geometObjs><topLvl><TopoLevCd value="001" Sync="TRUE"></TopoLevCd></topLvl></VectSpatRep></spatRepInfo><spdoinfo><ptvctinf><esriterm Name="CUST_FEB_2026b"><efeatyp Sync="TRUE">Simple</efeatyp><efeageom code="4" Sync="TRUE"></efeageom><esritopo Sync="TRUE">FALSE</esritopo><efeacnt Sync="TRUE">0</efeacnt><spindex Sync="TRUE">FALSE</spindex><linrefer Sync="TRUE">FALSE</linrefer></esriterm></ptvctinf></spdoinfo><eainfo><detailed Name="CUST_FEB_2026b"><enttyp><enttypl Sync="TRUE">CUST_FEB_2026b</enttypl><enttypt Sync="TRUE">Feature Class</enttypt><enttypc Sync="TRUE">0</enttypc></enttyp><attr><attrlabl Sync="TRUE">FID</attrlabl><attalias Sync="TRUE">FID</attalias><attrtype Sync="TRUE">OID</attrtype><attwidth Sync="TRUE">4</attwidth><atprecis Sync="TRUE">0</atprecis><attscale Sync="TRUE">0</attscale><attrdef Sync="TRUE">Internal feature number.</attrdef><attrdefs Sync="TRUE">Esri</attrdefs><attrdomv><udom Sync="TRUE">Sequential unique whole numbers that are automatically generated.</udom></attrdomv></attr><attr><attrlabl Sync="TRUE">Shape</attrlabl><attalias Sync="TRUE">Shape</attalias><attrtype Sync="TRUE">Geometry</attrtype><attwidth Sync="TRUE">0</attwidth><atprecis Sync="TRUE">0</atprecis><attscale Sync="TRUE">0</attscale><attrdef Sync="TRUE">Feature geometry.</attrdef><attrdefs Sync="TRUE">Esri</attrdefs><attrdomv><udom Sync="TRUE">Coordinates defining the features.</udom></attrdomv></attr><attr><attrlabl Sync="TRUE">ESTADO</attrlabl><attalias Sync="TRUE">ESTADO</attalias><attrtype Sync="TRUE">String</attrtype><attwidth Sync="TRUE">254</attwidth><atprecis Sync="TRUE">0</atprecis><attscale Sync="TRUE">0</attscale></attr><attr><attrlabl Sync="TRUE">FOL_PROG</attrlabl><attalias Sync="TRUE">FOL_PROG</attalias><attrtype Sync="TRUE">String</attrtype><attwidth Sync="TRUE">254</attwidth><atprecis Sync="TRUE">0</atprecis><attscale Sync="TRUE">0</attscale></attr><attr><attrlabl Sync="TRUE">CVE_EDO</attrlabl><attalias Sync="TRUE">CVE_EDO</attalias><attrtype Sync="TRUE">Integer</attrtype><attwidth Sync="TRUE">10</attwidth><atprecis Sync="TRUE">10</atprecis><attscale Sync="TRUE">0</attscale></attr><attr><attrlabl Sync="TRUE">SOLICITUD_</attrlabl><attalias Sync="TRUE">SOLICITUD_</attalias><attrtype Sync="TRUE">String</attrtype><attwidth Sync="TRUE">16</attwidth><atprecis Sync="TRUE">0</atprecis><attscale Sync="TRUE">0</attscale></attr><attr><attrlabl Sync="TRUE">MUNICIPIO</attrlabl><attalias Sync="TRUE">MUNICIPIO</attalias><attrtype Sync="TRUE">String</attrtype><attwidth Sync="TRUE">254</attwidth><atprecis Sync="TRUE">0</atprecis><attscale Sync="TRUE">0</attscale></attr><attr><attrlabl Sync="TRUE">SOLICITANT</attrlabl><attalias Sync="TRUE">SOLICITANT</attalias><attrtype Sync="TRUE">String</attrtype><attwidth Sync="TRUE">254</attwidth><atprecis Sync="TRUE">0</atprecis><attscale Sync="TRUE">0</attscale></attr><attr><attrlabl Sync="TRUE">TIPO_PROP</attrlabl><attalias Sync="TRUE">TIPO_PROP</attalias><attrtype Sync="TRUE">String</attrtype><attwidth Sync="TRUE">254</attwidth><atprecis Sync="TRUE">0</atprecis><attscale Sync="TRUE">0</attscale></attr><attr><attrlabl Sync="TRUE">CONCEPTO</attrlabl><attalias Sync="TRUE">CONCEPTO</attalias><attrtype Sync="TRUE">String</attrtype><attwidth Sync="TRUE">254</attwidth><atprecis Sync="TRUE">0</atprecis><attscale Sync="TRUE">0</attscale></attr><attr><attrlabl Sync="TRUE">ESQUEMA</attrlabl><attalias Sync="TRUE">ESQUEMA</attalias><attrtype Sync="TRUE">String</attrtype><attwidth Sync="TRUE">254</attwidth><atprecis Sync="TRUE">0</atprecis><attscale Sync="TRUE">0</attscale></attr><attr><attrlabl Sync="TRUE">SUP_HA</attrlabl><attalias Sync="TRUE">SUP_HA</attalias><attrtype Sync="TRUE">Double</attrtype><attwidth Sync="TRUE">19</attwidth><atprecis Sync="TRUE">0</atprecis><attscale Sync="TRUE">0</attscale></attr><attr><attrlabl Sync="TRUE">MONTO_CNF</attrlabl><attalias Sync="TRUE">MONTO_CNF</attalias><attrtype Sync="TRUE">Double</attrtype><attwidth Sync="TRUE">19</attwidth><atprecis Sync="TRUE">0</atprecis><attscale Sync="TRUE">0</attscale></attr><attr><attrlabl Sync="TRUE">MONTO_PI</attrlabl><attalias Sync="TRUE">MONTO_PI</attalias><attrtype Sync="TRUE">Integer</attrtype><attwidth Sync="TRUE">10</attwidth><atprecis Sync="TRUE">10</atprecis><attscale Sync="TRUE">0</attscale></attr><attr><attrlabl Sync="TRUE">MONTO_TOT</attrlabl><attalias Sync="TRUE">MONTO_TOT</attalias><attrtype Sync="TRUE">Double</attrtype><attwidth Sync="TRUE">19</attwidth><atprecis Sync="TRUE">0</atprecis><attscale Sync="TRUE">0</attscale></attr><attr><attrlabl Sync="TRUE">EJERCICIO</attrlabl><attalias Sync="TRUE">EJERCICIO</attalias><attrtype Sync="TRUE">Integer</attrtype><attwidth Sync="TRUE">10</attwidth><atprecis Sync="TRUE">10</atprecis><attscale Sync="TRUE">0</attscale></attr><attr><attrlabl Sync="TRUE">GERENCIA</attrlabl><attalias Sync="TRUE">GERENCIA</attalias><attrtype Sync="TRUE">String</attrtype><attwidth Sync="TRUE">254</attwidth><atprecis Sync="TRUE">0</atprecis><attscale Sync="TRUE">0</attscale></attr></detailed></eainfo><mdDateSt Sync="TRUE">20260205</mdDateSt><mdChar><CharSetCd value="004" Sync="TRUE"></CharSetCd></mdChar></metadata>
